activityType,region,season,equipmentAgeYears,quantity,cargoWeightTons,baselineKg,correctedKg,adjustmentPct
electricity,GLOBAL,summer,9.1,30044.08,0.0,24636.15,26060.33,5.78
electricity,IN,autumn,7.4,1518.93,0.0,1245.52,1416.81,13.75
cotton,CN,spring,0.0,7938.47,0.0,46836.98,48206.85,2.92
diesel,IN,summer,5.7,1480.99,0.0,3969.05,4091.2,3.08
electricity,IN,spring,0.6,31110.11,0.0,25510.29,29154.41,14.28
electricity,CN,summer,1.1,3720.05,0.0,3050.44,3658.42,19.93
cotton,GLOBAL,spring,2.9,226.13,0.0,1334.19,1314.2,-1.5
road_freight,US,autumn,0.2,2277.83,10.54,3361.09,3308.77,-1.56
road_freight,IN,spring,1.4,1440.87,3.03,611.89,609.73,-0.35
electricity,GLOBAL,summer,15.3,4880.38,0.0,4001.91,4776.15,19.35
diesel,IN,autumn,11.2,7498.47,0.0,20095.9,21991.63,9.43
cotton,US,winter,0.9,6437.36,0.0,37980.4,38793.93,2.14
diesel,GLOBAL,autumn,3.0,3005.53,0.0,8054.83,8204.74,1.86
road_freight,GLOBAL,spring,0.7,2164.6,22.57,6839.36,6932.07,1.36
electricity,IN,summer,6.6,33463.16,0.0,27439.79,32063.86,16.85
electricity,IN,summer,7.5,38158.86,0.0,31290.27,37947.55,21.28
electricity,EU,summer,0.2,35677.81,0.0,29255.81,29167.73,-0.3
diesel,CN,winter,2.3,5134.85,0.0,13761.4,14596.56,6.07
cotton,IN,winter,4.7,1704.18,0.0,10054.68,10081.98,0.27
road_freight,CN,spring,9.9,1601.84,30.76,6897.76,7178.78,4.07
road_freight,IN,spring,12.9,844.65,6.03,712.92,775.51,8.78
electricity,US,winter,10.2,43106.16,0.0,35347.05,39172.64,10.82
diesel,US,winter,4.0,6955.12,0.0,18639.71,19792.77,6.19
diesel,IN,autumn,7.3,3699.93,0.0,9915.82,9753.73,-1.63
cotton,GLOBAL,spring,7.2,5726.94,0.0,33788.93,33490.4,-0.88
electricity,US,spring,0.9,24727.91,0.0,20276.89,20242.76,-0.17
cotton,IN,autumn,0.5,3020.27,0.0,17819.59,18078.99,1.46
electricity,GLOBAL,spring,4.6,4969.34,0.0,4074.86,4024.41,-1.24
road_freight,IN,spring,7.1,2152.98,12.76,3845.07,3900.3,1.44
road_freight,IN,summer,1.1,1742.8,14.76,3601.87,3533.33,-1.9
cotton,IN,autumn,8.0,1751.67,0.0,10334.83,10721.83,3.74
diesel,IN,autumn,4.9,5343.54,0.0,14320.69,14434.22,0.79
diesel,IN,autumn,4.9,8838.1,0.0,23686.11,23401.21,-1.2
road_freight,CN,autumn,13.1,1960.7,23.19,6364.78,6742.66,5.94
diesel,IN,spring,6.6,5848.8,0.0,15674.78,15852.5,1.13
cotton,IN,spring,4.8,5565.97,0.0,32839.24,32731.19,-0.33
road_freight,IN,winter,0.1,1260.04,7.9,1393.81,1431.25,2.69
road_freight,IN,autumn,0.6,950.9,10.75,1431.33,1410.31,-1.47
diesel,GLOBAL,winter,4.0,9070.38,0.0,24308.61,25311.89,4.13
road_freight,EU,winter,1.3,1820.01,11.27,2870.46,2821.81,-1.69
diesel,US,winter,30.0,4752.45,0.0,12736.57,17094.25,34.21
road_freight,GLOBAL,winter,3.4,2418.3,33.8,11443.23,11363.38,-0.7
cotton,IN,winter,1.3,2220.95,0.0,13103.61,12496.11,-4.64
electricity,CN,summer,5.1,5310.24,0.0,4354.39,5201.93,19.46
road_freight,GLOBAL,spring,1.8,773.46,12.64,1369.17,1381.49,0.9
electricity,IN,spring,12.1,45705.41,0.0,37478.43,46368.09,23.72
electricity,US,winter,1.3,4011.58,0.0,3289.49,3516.08,6.89
cotton,IN,spring,0.6,4668.41,0.0,27543.64,27473.27,-0.26
diesel,US,summer,24.1,8405.44,0.0,22526.58,27764.4,23.25
diesel,IN,summer,0.8,5270.21,0.0,14124.16,14292.42,1.19
road_freight,IN,winter,3.7,2112.96,8.41,2489.14,2571.97,3.33
diesel,IN,spring,4.4,3297.27,0.0,8836.68,8706.03,-1.48
road_freight,IN,autumn,8.2,664.61,8.08,752.09,752.03,-0.01
road_freight,IN,spring,1.0,663.1,20.12,1868.22,1838.57,-1.59
road_freight,EU,winter,6.1,1315.91,23.68,4363.35,4507.82,3.31
diesel,US,summer,8.5,242.5,0.0,649.89,648.83,-0.16
diesel,IN,winter,2.2,9797.15,0.0,26256.37,28724.0,9.4
electricity,US,winter,3.1,30984.58,0.0,25407.36,27744.78,9.2
road_freight,IN,summer,0.1,2336.92,18.53,6063.85,6298.34,3.87
road_freight,GLOBAL,spring,0.2,1485.15,33.03,6867.13,6923.97,0.83
electricity,IN,autumn,0.8,40654.61,0.0,33336.78,38301.48,14.89
road_freight,EU,summer,1.3,219.94,5.33,163.98,167.71,2.27
diesel,IN,summer,2.5,6591.65,0.0,17665.63,18215.01,3.11
electricity,IN,summer,0.8,34988.49,0.0,28690.56,33865.65,18.04
road_freight,CN,autumn,3.2,2420.57,20.08,6805.75,7034.2,3.36
electricity,EU,autumn,2.8,38932.44,0.0,31924.6,28812.29,-9.75
electricity,GLOBAL,winter,1.6,34152.32,0.0,28004.9,29762.14,6.27
electricity,US,autumn,10.5,16342.46,0.0,13400.81,14116.84,5.34
cotton,IN,autumn,19.1,6792.43,0.0,40075.34,47061.13,17.43
road_freight,US,spring,6.0,1148.69,11.68,1877.69,1873.01,-0.25
electricity,EU,autumn,17.5,39174.15,0.0,32122.81,35954.66,11.93
cotton,EU,spring,5.8,898.87,0.0,5303.33,5346.24,0.81
diesel,EU,spring,3.0,8929.78,0.0,23931.81,23953.04,0.09
diesel,US,winter,2.8,8146.72,0.0,21833.2,23066.28,5.65
cotton,GLOBAL,autumn,2.6,5694.63,0.0,33598.33,32026.19,-4.68
road_freight,IN,summer,0.7,1256.93,2.37,417.87,414.93,-0.7
electricity,IN,autumn,8.7,41228.12,0.0,33807.06,39486.08,16.8
diesel,IN,autumn,2.0,8699.13,0.0,23313.67,23842.12,2.27
diesel,GLOBAL,autumn,22.9,5604.45,0.0,15019.93,18290.53,21.78
cotton,GLOBAL,autumn,4.8,7757.49,0.0,45769.19,45674.14,-0.21
electricity,US,spring,2.1,49793.65,0.0,40830.8,40098.1,-1.79
road_freight,GLOBAL,spring,18.0,2231.15,17.04,5321.58,6284.13,18.09
road_freight,IN,autumn,6.2,1001.26,9.57,1341.49,1320.07,-1.6
electricity,US,summer,4.6,15821.62,0.0,12973.73,13405.01,3.32
road_freight,EU,winter,0.9,236.69,33.04,1094.76,1131.64,3.37
cotton,IN,spring,12.1,457.23,0.0,2697.64,2768.67,2.63
diesel,IN,winter,3.9,9854.33,0.0,26409.61,29247.26,10.74
electricity,CN,winter,10.9,23700.31,0.0,19434.26,24301.4,25.04
electricity,IN,autumn,0.5,34739.86,0.0,28486.69,33408.54,17.28
cotton,US,winter,17.4,6812.21,0.0,40192.06,46026.35,14.52
diesel,US,spring,1.7,2819.84,0.0,7557.18,7607.54,0.67
road_freight,IN,summer,0.7,1695.35,19.17,4550.03,4526.56,-0.52
road_freight,US,autumn,10.2,2421.54,4.92,1667.1,1735.14,4.08
electricity,IN,winter,5.8,35351.95,0.0,28988.6,36144.19,24.68
diesel,IN,autumn,23.6,6120.07,0.0,16401.79,20512.99,25.07
diesel,EU,winter,4.3,7858.16,0.0,21059.88,23609.16,12.1
electricity,US,summer,7.2,39925.35,0.0,32738.79,35496.81,8.42
road_freight,IN,winter,23.5,1256.91,12.85,2260.98,2779.53,22.93
road_freight,IN,summer,4.6,1177.29,21.3,3510.24,3623.39,3.22
diesel,EU,winter,13.6,4792.22,0.0,12843.15,14745.59,14.81
road_freight,IN,spring,1.5,2063.39,13.39,3867.37,3849.13,-0.47
electricity,US,autumn,1.4,18531.36,0.0,15195.71,15172.38,-0.15
electricity,EU,winter,0.6,24316.7,0.0,19939.69,20387.34,2.25
diesel,IN,winter,1.9,8081.39,0.0,21658.13,24245.61,11.95
road_freight,IN,summer,4.6,2313.9,9.79,3172.03,3184.22,0.38
road_freight,IN,summer,1.7,1797.71,31.54,7938.41,8191.98,3.19
electricity,US,winter,12.1,18030.26,0.0,14784.81,16622.38,12.43
road_freight,IN,summer,2.3,568.05,12.81,1018.53,1013.91,-0.45
diesel,CN,autumn,3.9,3615.53,0.0,9689.63,9631.86,-0.6
electricity,EU,summer,8.2,21867.15,0.0,17931.06,18766.58,4.66
diesel,IN,spring,13.8,6114.8,0.0,16387.66,17808.32,8.67
electricity,GLOBAL,winter,0.6,8066.53,0.0,6614.55,6927.02,4.72
diesel,IN,summer,0.6,8078.06,0.0,21649.21,21724.53,0.35
cotton,IN,spring,1.8,1450.01,0.0,8555.07,8710.41,1.82
road_freight,GLOBAL,summer,4.6,1217.72,29.67,5058.71,4966.67,-1.82
road_freight,US,winter,5.7,757.14,21.18,2245.18,2273.85,1.28
diesel,US,summer,5.4,3755.38,0.0,10064.42,10480.5,4.13
electricity,IN,autumn,10.0,13104.71,0.0,10745.86,12148.28,13.05
road_freight,EU,summer,3.8,1534.95,28.21,6062.46,5994.6,-1.12
cotton,GLOBAL,spring,1.2,625.32,0.0,3689.39,3800.44,3.01
road_freight,US,autumn,9.1,2078.46,26.77,7788.63,8000.61,2.72
diesel,IN,spring,4.4,3652.42,0.0,9788.49,9881.58,0.95
cotton,IN,autumn,3.6,5738.88,0.0,33859.4,34028.83,0.5
electricity,IN,winter,1.6,45028.94,0.0,36923.73,45641.97,23.61
electricity,US,autumn,1.6,27371.04,0.0,22444.25,21606.03,-3.73
road_freight,EU,autumn,9.5,1569.18,19.6,4306.75,4336.49,0.69
cotton,EU,spring,8.4,5685.15,0.0,33542.36,33398.08,-0.43
diesel,EU,winter,12.6,3486.61,0.0,9344.11,10803.54,15.62
road_freight,IN,autumn,3.7,1529.7,18.58,3978.09,3897.04,-2.04
electricity,EU,summer,6.1,34850.45,0.0,28577.37,30278.4,5.95
electricity,IN,winter,10.5,47974.2,0.0,39338.85,48553.63,23.42
electricity,IN,summer,1.0,29518.38,0.0,24205.07,28716.77,18.64
electricity,US,summer,7.8,29851.66,0.0,24478.36,26536.98,8.41
electricity,IN,summer,8.0,46751.17,0.0,38335.96,46519.25,21.35
cotton,US,spring,1.6,1407.61,0.0,8304.91,8374.48,0.84
electricity,IN,summer,5.4,20250.63,0.0,16605.52,19797.34,19.22
diesel,IN,autumn,9.3,6076.84,0.0,16285.94,16535.37,1.53
cotton,GLOBAL,summer,2.6,5926.26,0.0,34964.93,34302.32,-1.9
electricity,IN,autumn,14.6,12787.21,0.0,10485.51,12746.42,21.56
diesel,IN,winter,5.2,6359.42,0.0,17043.24,18501.18,8.55
diesel,EU,summer,22.3,4643.99,0.0,12445.9,15384.57,23.61
electricity,IN,summer,5.4,3820.29,0.0,3132.63,3770.19,20.35
road_freight,IN,summer,2.6,1197.17,22.62,3791.9,3874.26,2.17
electricity,IN,summer,3.6,26457.32,0.0,21695.0,25862.79,19.21
electricity,IN,spring,8.7,5597.58,0.0,4590.02,5228.57,13.91
road_freight,IN,summer,6.2,1051.4,2.84,417.7,415.85,-0.44
diesel,EU,winter,3.1,5562.05,0.0,14906.3,15869.1,6.46
electricity,US,winter,9.7,9337.96,0.0,7657.13,8364.12,9.23
road_freight,IN,spring,9.8,2472.39,21.91,7582.24,7532.26,-0.66
diesel,US,winter,1.4,362.67,0.0,971.95,1032.2,6.2
diesel,US,autumn,7.3,9115.18,0.0,24428.68,23696.47,-3.0
road_freight,IN,summer,1.9,1579.16,15.51,3429.13,3507.25,2.28
electricity,IN,autumn,1.5,48740.09,0.0,39966.87,45278.45,13.29
electricity,GLOBAL,summer,9.7,21548.07,0.0,17669.42,19258.49,8.99
diesel,IN,autumn,7.2,4085.25,0.0,10948.46,11083.65,1.23
electricity,IN,winter,1.1,13979.21,0.0,11462.95,13709.65,19.6
diesel,GLOBAL,winter,10.1,5031.1,0.0,13483.34,14951.93,10.89
electricity,EU,winter,0.1,7275.84,0.0,5966.19,6004.46,0.64
cotton,CN,autumn,1.7,5101.47,0.0,30098.7,31760.61,5.52
road_freight,IN,spring,4.4,165.07,7.49,173.03,172.28,-0.43
road_freight,IN,autumn,8.8,217.21,29.62,900.84,927.1,2.91
road_freight,US,spring,3.9,1675.99,32.92,7723.24,7703.99,-0.25
road_freight,IN,autumn,4.7,446.93,29.77,1862.76,1876.72,0.75
electricity,IN,autumn,7.8,25026.82,0.0,20521.99,22964.59,11.9
road_freight,IN,summer,0.5,240.53,2.08,69.95,69.52,-0.62
road_freight,GLOBAL,winter,18.0,1142.71,8.11,1297.34,1474.9,13.69
electricity,CN,autumn,6.1,38072.27,0.0,31219.26,36113.01,15.68
cotton,GLOBAL,autumn,1.5,7902.58,0.0,46625.21,47900.86,2.74
cotton,IN,spring,5.3,7994.89,0.0,47169.87,45989.68,-2.5
electricity,IN,summer,2.1,46257.61,0.0,37931.24,47494.45,25.21
cotton,GLOBAL,spring,8.2,533.57,0.0,3148.08,3242.96,3.01
road_freight,EU,autumn,1.6,345.39,4.54,219.5,207.59,-5.42
road_freight,IN,summer,3.1,1452.45,28.53,5801.62,6038.6,4.08
road_freight,US,winter,5.7,620.75,2.81,243.79,246.15,0.97
cotton,IN,summer,1.2,3133.31,0.0,18486.56,19447.01,5.2
electricity,IN,spring,3.2,21357.17,0.0,17512.88,19736.89,12.7
road_freight,IN,summer,3.8,777.66,30.14,3281.74,3325.53,1.33
electricity,GLOBAL,summer,3.3,19524.17,0.0,16009.82,17487.2,9.23
road_freight,IN,spring,9.6,684.51,21.42,2052.92,2136.23,4.06
cotton,EU,autumn,1.6,7547.58,0.0,44530.73,44715.63,0.42
road_freight,US,winter,0.8,165.02,14.67,339.03,342.2,0.94
road_freight,IN,winter,15.8,2487.52,7.74,2694.97,3036.3,12.67
electricity,EU,spring,30.0,44923.09,0.0,36836.93,45483.06,23.47
road_freight,IN,autumn,5.2,274.14,30.96,1188.1,1172.27,-1.33
electricity,IN,winter,0.3,42683.58,0.0,35000.54,42652.34,21.86
cotton,EU,spring,3.2,3044.24,0.0,17961.01,17893.63,-0.38
electricity,EU,spring,4.6,48125.04,0.0,39462.53,37128.93,-5.91
cotton,US,autumn,6.8,4569.28,0.0,26958.77,27514.37,2.06
electricity,CN,summer,12.2,12641.63,0.0,10366.14,13030.56,25.7
electricity,IN,winter,6.8,31121.26,0.0,25519.44,30996.6,21.46
road_freight,IN,summer,19.5,1190.4,31.01,5167.9,6084.17,17.73
diesel,US,winter,4.2,163.22,0.0,437.43,471.09,7.7
electricity,US,winter,4.9,6234.27,0.0,5112.1,5498.45,7.56
electricity,IN,winter,19.8,17422.67,0.0,14286.59,20008.23,40.05
road_freight,GLOBAL,winter,9.3,475.7,27.44,1827.31,1891.24,3.5
electricity,IN,autumn,0.3,43641.07,0.0,35785.68,41494.85,15.95
cotton,GLOBAL,autumn,6.3,4795.73,0.0,28294.79,27938.8,-1.26
road_freight,IN,autumn,8.8,1724.07,16.71,4034.45,4071.0,0.91
electricity,GLOBAL,winter,0.6,42783.38,0.0,35082.37,38800.17,10.6
electricity,CN,summer,6.8,32898.31,0.0,26976.61,32430.03,20.22
electricity,GLOBAL,autumn,0.2,36697.87,0.0,30092.25,28980.78,-3.69
electricity,EU,spring,1.4,2041.14,0.0,1673.73,1554.34,-7.13
road_freight,IN,summer,3.8,1380.92,7.26,1402.62,1398.17,-0.32
electricity,IN,winter,0.8,2110.05,0.0,1730.24,2069.83,19.63
cotton,US,spring,3.7,109.73,0.0,647.42,668.63,3.28
diesel,US,autumn,4.1,735.67,0.0,1971.59,2030.78,3.0
electricity,IN,autumn,3.4,49225.39,0.0,40364.82,45919.83,13.76
road_freight,IN,summer,5.5,764.57,24.93,2668.99,2606.11,-2.36
cotton,EU,autumn,7.7,6018.38,0.0,35508.42,35278.79,-0.65
electricity,IN,winter,4.9,983.66,0.0,806.6,984.82,22.1
electricity,US,winter,12.8,4584.17,0.0,3759.02,4297.77,14.33
electricity,GLOBAL,spring,7.0,40129.04,0.0,32905.81,33613.37,2.15
diesel,IN,winter,18.2,1329.78,0.0,3563.8,4407.22,23.67
road_freight,US,winter,7.4,2183.87,25.56,7816.26,7953.88,1.76
road_freight,IN,summer,4.0,1669.01,20.25,4731.42,4859.31,2.7
electricity,IN,autumn,7.9,4540.68,0.0,3723.36,4279.19,14.93
diesel,IN,winter,3.9,6195.85,0.0,16604.87,17815.88,7.29
road_freight,CN,winter,6.5,1270.58,20.33,3615.79,3469.23,-4.05
road_freight,IN,autumn,4.7,1258.53,4.69,826.42,803.78,-2.74
electricity,IN,summer,3.7,43479.49,0.0,35653.18,42445.7,19.05
road_freight,EU,autumn,5.9,1851.61,27.33,7085.89,7525.91,6.21
electricity,US,spring,7.8,24590.11,0.0,20163.89,20303.99,0.69
cotton,GLOBAL,spring,6.4,7937.85,0.0,46833.33,46001.38,-1.78
electricity,US,winter,7.9,7012.6,0.0,5750.33,6053.6,5.27
road_freight,GLOBAL,summer,6.0,963.48,18.92,2551.56,2515.65,-1.41
electricity,IN,winter,3.5,25983.46,0.0,21306.44,25933.33,21.72
electricity,US,spring,6.3,15951.33,0.0,13080.09,13353.99,2.09
diesel,US,autumn,0.8,9701.23,0.0,25999.29,25845.76,-0.59
electricity,IN,summer,3.5,16879.02,0.0,13840.8,17149.04,23.9
diesel,IN,autumn,5.8,7097.09,0.0,19020.21,18795.78,-1.18
diesel,IN,winter,5.6,3631.65,0.0,9732.81,10802.39,10.99
road_freight,IN,summer,12.2,554.31,5.69,441.82,470.98,6.6
electricity,IN,summer,1.6,3058.99,0.0,2508.37,2947.98,17.53
diesel,IN,winter,4.2,511.57,0.0,1371.01,1497.95,9.26
diesel,GLOBAL,autumn,6.9,272.06,0.0,729.12,706.6,-3.09
electricity,IN,spring,0.9,1983.69,0.0,1626.63,1870.73,15.01
electricity,EU,spring,7.9,8537.9,0.0,7001.08,6665.03,-4.8
diesel,IN,summer,1.2,6957.0,0.0,18644.75,18342.68,-1.62
road_freight,GLOBAL,spring,0.1,648.16,29.42,2669.55,2689.49,0.75
diesel,EU,autumn,6.8,2235.18,0.0,5990.29,6051.04,1.01
road_freight,IN,winter,5.2,904.01,7.26,918.39,888.75,-3.23
cotton,GLOBAL,winter,9.2,4579.43,0.0,27018.63,27987.86,3.59
road_freight,CN,winter,8.7,2317.9,16.46,5341.28,5481.25,2.62
electricity,IN,summer,0.0,16567.0,0.0,13584.94,16195.58,19.22
electricity,IN,winter,2.9,27650.74,0.0,22673.6,28144.09,24.13
electricity,IN,summer,5.5,33576.53,0.0,27532.76,34276.15,24.49
road_freight,US,summer,4.7,2381.12,29.96,9986.22,9660.54,-3.26
electricity,IN,summer,10.1,36047.09,0.0,29558.62,36484.52,23.43
cotton,IN,summer,3.4,7184.04,0.0,42385.85,41379.87,-2.37
diesel,US,summer,0.6,4910.13,0.0,13159.15,13562.01,3.06
electricity,IN,summer,15.9,26846.88,0.0,22014.44,28668.3,30.22
road_freight,IN,winter,3.2,348.62,7.98,389.38,390.65,0.33
road_freight,IN,winter,1.2,773.43,28.18,3051.61,3001.4,-1.65
road_freight,IN,winter,6.0,2380.94,21.85,7284.35,7262.45,-0.3
road_freight,CN,winter,9.5,1634.18,7.77,1777.1,1842.63,3.69
road_freight,US,summer,9.1,723.27,29.15,2951.31,2984.99,1.14
electricity,EU,spring,8.7,7910.35,0.0,6486.48,6020.3,-7.19
diesel,CN,winter,1.5,1047.57,0.0,2807.5,3018.04,7.5
diesel,US,autumn,1.4,6415.81,0.0,17194.38,17446.87,1.47
diesel,IN,autumn,0.9,6981.93,0.0,18711.58,18205.55,-2.7
electricity,IN,summer,7.7,1283.14,0.0,1052.18,1284.55,22.09
road_freight,IN,autumn,1.9,244.58,4.83,165.27,163.55,-1.04
cotton,IN,autumn,2.7,2814.13,0.0,16603.35,16263.84,-2.04
road_freight,EU,autumn,1.6,1373.03,31.04,5967.14,6215.36,4.16
road_freight,US,winter,3.7,516.3,3.73,269.41,261.33,-3.0
cotton,IN,autumn,0.4,4542.14,0.0,26798.65,26086.0,-2.66
cotton,IN,summer,8.4,1446.78,0.0,8535.98,8326.03,-2.46
road_freight,IN,autumn,6.6,1998.85,32.6,9121.89,8789.5,-3.64
diesel,IN,autumn,0.1,7398.08,0.0,19826.87,19528.15,-1.51
road_freight,IN,spring,0.6,1900.41,6.21,1653.43,1679.53,1.58
road_freight,EU,spring,0.4,338.24,9.5,449.99,439.58,-2.31
electricity,IN,winter,2.2,20150.59,0.0,16523.48,19650.43,18.92
electricity,US,summer,1.1,39420.66,0.0,32324.94,35356.82,9.38
electricity,US,winter,0.7,40963.76,0.0,33590.28,37549.26,11.79
electricity,CN,spring,7.7,7493.26,0.0,6144.48,7075.75,15.16
electricity,IN,summer,7.1,17631.94,0.0,14458.19,17198.77,18.96
cotton,US,winter,5.1,3886.9,0.0,22932.71,23351.17,1.82
diesel,CN,spring,1.2,5075.4,0.0,13602.08,13167.44,-3.2
electricity,IN,winter,0.8,24172.58,0.0,19821.52,23555.39,18.84
diesel,EU,autumn,3.4,3186.98,0.0,8541.11,8547.27,0.07
electricity,IN,autumn,11.4,516.46,0.0,423.5,505.06,19.26
electricity,IN,winter,9.1,23260.12,0.0,19073.3,23497.72,23.2
diesel,GLOBAL,winter,5.8,3043.81,0.0,8157.42,8609.22,5.54
diesel,EU,spring,0.6,6952.4,0.0,18632.42,18535.41,-0.52
diesel,US,summer,1.6,2403.19,0.0,6440.55,6364.19,-1.19
road_freight,CN,spring,0.8,2222.18,16.84,5239.91,5186.74,-1.01
diesel,IN,autumn,3.9,1851.18,0.0,4961.17,5002.67,0.84
diesel,IN,winter,0.1,2672.15,0.0,7161.36,7719.69,7.8
road_freight,IN,summer,5.8,842.58,29.53,3483.61,3400.4,-2.39
diesel,IN,winter,0.7,5524.8,0.0,14806.46,16142.85,9.03
electricity,CN,summer,1.0,6796.39,0.0,5573.04,6644.22,19.22
road_freight,CN,winter,3.0,1175.64,27.91,4592.98,4643.86,1.11
cotton,GLOBAL,winter,6.4,7548.37,0.0,44535.36,44825.0,0.65
electricity,EU,autumn,6.1,33138.02,0.0,27173.18,25452.18,-6.33
cotton,US,summer,13.2,3659.9,0.0,21593.38,23268.07,7.76
diesel,IN,summer,7.6,813.63,0.0,2180.54,2191.85,0.52
diesel,IN,winter,4.3,3937.19,0.0,10551.68,11445.56,8.47
cotton,GLOBAL,summer,1.2,1475.46,0.0,8705.24,8702.06,-0.04
diesel,EU,autumn,0.4,4300.54,0.0,11525.44,11532.31,0.06
cotton,EU,autumn,5.9,3117.32,0.0,18392.21,18080.28,-1.7
diesel,IN,spring,1.8,785.62,0.0,2105.46,2104.31,-0.05
cotton,IN,autumn,2.1,7841.77,0.0,46266.42,46797.84,1.15
road_freight,US,summer,4.4,1560.42,7.17,1566.15,1540.18,-1.66
electricity,US,spring,5.7,47182.25,0.0,38689.45,38845.52,0.4
diesel,IN,autumn,4.1,225.88,0.0,605.35,614.39,1.49
electricity,US,winter,8.4,23296.71,0.0,19103.3,20620.03,7.94
road_freight,EU,summer,1.2,181.95,12.56,320.0,314.69,-1.66
electricity,EU,spring,0.8,36436.01,0.0,29877.52,28628.25,-4.18
road_freight,IN,summer,1.0,888.84,15.64,1946.55,1977.82,1.61
road_freight,IN,summer,7.0,2189.64,23.0,7049.91,7170.07,1.7
road_freight,IN,spring,4.9,2038.79,26.48,7557.21,7503.51,-0.71
diesel,CN,spring,1.4,5595.34,0.0,14995.51,15178.53,1.22
road_freight,US,summer,7.0,969.39,19.78,2684.01,2748.26,2.39
road_freight,CN,spring,1.4,2397.28,14.14,4746.34,4754.23,0.17
electricity,IN,summer,3.8,25351.49,0.0,20788.22,24826.29,19.42
road_freight,EU,spring,5.4,1009.24,15.62,2206.51,2164.96,-1.88
road_freight,IN,spring,1.1,494.23,14.79,1023.58,1043.65,1.96
electricity,EU,winter,5.2,28293.49,0.0,23200.66,23545.94,1.49
electricity,US,spring,5.5,30306.21,0.0,24851.09,24357.88,-1.98
road_freight,EU,spring,7.4,1982.11,19.07,5291.79,5332.64,0.77
electricity,IN,summer,8.0,12174.95,0.0,9983.46,11863.82,18.83
road_freight,EU,winter,16.2,1624.28,15.9,3615.93,4049.85,12.0
road_freight,EU,summer,6.9,2478.26,26.66,9249.25,9305.44,0.61
cotton,IN,summer,0.1,6670.41,0.0,39355.4,38271.79,-2.75
electricity,US,winter,9.2,3278.74,0.0,2688.56,2928.13,8.91
electricity,US,autumn,9.7,23180.25,0.0,19007.81,19703.91,3.66
electricity,IN,autumn,0.3,45243.71,0.0,37099.84,42367.95,14.2
diesel,IN,spring,5.7,1440.01,0.0,3859.21,3870.48,0.29
road_freight,EU,autumn,0.1,742.73,3.47,360.99,367.39,1.77
cotton,IN,summer,3.6,6236.01,0.0,36792.48,36282.78,-1.39
diesel,US,autumn,0.3,6235.02,0.0,16709.87,16058.89,-3.9
electricity,EU,spring,13.8,1580.26,0.0,1295.81,1351.22,4.28
road_freight,GLOBAL,summer,12.8,1013.95,29.32,4162.0,4508.65,8.33
electricity,GLOBAL,winter,6.4,10305.83,0.0,8450.78,9338.85,10.51
electricity,US,winter,17.6,48384.13,0.0,39674.99,48097.43,21.23
diesel,EU,winter,4.4,1236.21,0.0,3313.05,3686.05,11.26
cotton,EU,winter,9.4,4435.83,0.0,26171.37,26025.66,-0.56
road_freight,IN,winter,17.5,2132.44,24.08,7188.21,8289.57,15.32
electricity,IN,winter,8.3,14884.08,0.0,12204.95,14871.29,21.85
electricity,GLOBAL,summer,9.3,10467.51,0.0,8583.36,9298.76,8.33
electricity,IN,summer,8.5,37828.33,0.0,31019.23,36862.36,18.84
electricity,GLOBAL,autumn,25.2,38714.62,0.0,31745.99,39974.23,25.92
diesel,IN,spring,2.5,2896.07,0.0,7761.46,7957.76,2.53
electricity,US,summer,2.9,38892.79,0.0,31892.09,33510.18,5.07
cotton,IN,spring,0.6,2917.7,0.0,17214.43,16935.14,-1.62
electricity,US,summer,14.8,26884.93,0.0,22045.64,26027.99,18.06
diesel,EU,autumn,1.1,6173.38,0.0,16544.67,16805.71,1.58
diesel,US,autumn,1.4,1923.83,0.0,5155.85,5127.81,-0.54
cotton,EU,summer,2.3,6408.89,0.0,37812.43,38069.65,0.68
electricity,GLOBAL,winter,24.9,33562.04,0.0,27520.87,36304.18,31.92
road_freight,IN,spring,23.4,1657.53,6.28,1458.29,1777.71,21.9
diesel,CN,spring,0.5,7341.82,0.0,19676.06,19785.09,0.55
diesel,CN,autumn,15.0,1196.41,0.0,3206.38,3561.82,11.09
electricity,IN,spring,10.6,17092.8,0.0,14016.09,16723.96,19.32
diesel,EU,autumn,0.5,7218.87,0.0,19346.56,19678.2,1.71
road_freight,IN,summer,6.3,1571.27,13.63,2997.95,2987.82,-0.34
road_freight,US,summer,1.8,126.23,26.4,466.5,463.54,-0.64
diesel,EU,spring,11.6,2349.08,0.0,6295.53,6552.02,4.07
road_freight,IN,summer,2.5,2172.65,9.11,2771.75,2738.8,-1.19
road_freight,IN,autumn,16.7,2184.45,27.28,8342.9,9401.22,12.69
road_freight,EU,spring,6.3,2191.86,2.01,615.63,610.96,-0.76
electricity,IN,winter,4.7,19329.83,0.0,15850.46,18976.59,19.72
cotton,IN,autumn,0.1,3429.41,0.0,20233.51,20390.62,0.78
cotton,CN,summer,9.8,242.25,0.0,1429.29,1448.09,1.32
cotton,EU,summer,5.9,4308.14,0.0,25418.02,25023.29,-1.55
diesel,IN,autumn,0.6,2494.75,0.0,6685.93,6965.57,4.18
diesel,US,winter,10.4,834.98,0.0,2237.76,2532.11,13.15
electricity,IN,autumn,11.5,33556.33,0.0,27516.19,32314.77,17.44
electricity,CN,summer,5.9,26800.17,0.0,21976.14,26149.48,18.99
electricity,IN,spring,11.6,26311.56,0.0,21575.48,26109.06,21.01
diesel,CN,summer,4.0,7401.9,0.0,19837.09,19633.44,-1.03
cotton,IN,autumn,5.1,4187.83,0.0,24708.17,24721.87,0.06
electricity,IN,autumn,3.7,7307.43,0.0,5992.09,6712.74,12.03
diesel,GLOBAL,spring,5.4,7056.07,0.0,18910.28,18733.06,-0.94
diesel,US,autumn,1.6,7888.83,0.0,21142.06,21054.26,-0.42
cotton,IN,spring,0.4,2109.69,0.0,12447.19,12011.55,-3.5
electricity,US,spring,14.3,12323.4,0.0,10105.19,10550.8,4.41
electricity,US,spring,5.7,14393.82,0.0,11802.93,11440.99,-3.07
diesel,US,spring,11.6,590.02,0.0,1581.25,1674.89,5.92
electricity,US,winter,5.1,25877.05,0.0,21219.18,23039.25,8.58
electricity,GLOBAL,winter,10.2,14585.83,0.0,11960.38,13339.78,11.53
cotton,US,summer,4.1,5647.84,0.0,33322.28,34209.06,2.66
cotton,IN,spring,1.1,3179.99,0.0,18761.95,18979.28,1.16
road_freight,IN,winter,2.2,2068.29,33.52,9705.19,9772.79,0.7
road_freight,IN,summer,0.0,1808.05,29.38,7435.96,7557.71,1.64
road_freight,EU,winter,0.8,1076.42,26.79,4037.06,3939.77,-2.41
diesel,IN,summer,8.3,4185.49,0.0,11217.1,11568.38,3.13
cotton,US,spring,6.1,7314.97,0.0,43158.3,44303.7,2.65
road_freight,CN,autumn,6.1,1865.4,19.49,5089.87,5146.75,1.12
electricity,IN,summer,5.2,2665.08,0.0,2185.37,2662.55,21.84
diesel,US,summer,3.8,8185.56,0.0,21937.3,21863.33,-0.34
cotton,IN,winter,1.9,2519.88,0.0,14867.27,14674.69,-1.3
road_freight,IN,spring,2.9,1152.8,21.12,3407.93,3383.46,-0.72
cotton,IN,summer,5.5,5674.13,0.0,33477.36,33632.78,0.46
road_freight,IN,autumn,1.1,1632.06,3.48,794.61,798.23,0.46
electricity,IN,summer,0.4,20776.63,0.0,17036.84,19723.23,15.77
electricity,EU,winter,4.5,42165.31,0.0,34575.55,36314.45,5.03
diesel,IN,spring,4.0,372.61,0.0,998.6,1039.26,4.07
electricity,GLOBAL,autumn,0.6,10838.77,0.0,8887.79,8861.39,-0.3
electricity,IN,winter,3.7,14817.62,0.0,12150.45,15002.49,23.47
cotton,IN,spring,2.8,3844.65,0.0,22683.44,22740.49,0.25
electricity,IN,summer,19.5,19779.35,0.0,16219.07,22252.67,37.2
electricity,IN,autumn,23.5,24154.98,0.0,19807.09,26684.37,34.72
diesel,CN,summer,2.2,2667.42,0.0,7148.67,7166.31,0.25
diesel,IN,spring,6.8,2426.87,0.0,6504.01,6526.23,0.34
diesel,US,winter,3.5,6299.72,0.0,16883.25,18659.44,10.52
electricity,IN,winter,8.0,15374.22,0.0,12606.86,15648.99,24.13
electricity,EU,autumn,0.2,24039.53,0.0,19712.41,18279.58,-7.27
electricity,IN,autumn,5.4,30156.47,0.0,24728.3,27896.2,12.81
diesel,EU,summer,0.8,7962.69,0.0,21340.0,20444.62,-4.2
electricity,CN,autumn,21.0,47481.05,0.0,38934.46,51246.85,31.62
road_freight,US,summer,2.8,750.17,8.71,914.37,914.9,0.06
road_freight,IN,summer,15.1,937.56,25.95,3405.97,3759.41,10.38
electricity,US,summer,5.1,47824.33,0.0,39215.95,42318.06,7.91
diesel,IN,autumn,0.0,6437.96,0.0,17253.74,16900.65,-2.05
electricity,IN,winter,4.3,31516.33,0.0,25843.39,31118.32,20.41
cotton,IN,autumn,15.9,341.34,0.0,2013.91,2255.51,12.0
road_freight,US,autumn,9.8,732.96,8.95,918.74,963.26,4.85
cotton,IN,summer,1.3,7957.72,0.0,46950.57,46834.39,-0.25
road_freight,IN,winter,8.4,1933.86,23.73,6425.17,6417.97,-0.11
road_freight,CN,spring,0.7,1027.8,25.86,3721.6,3793.19,1.92
diesel,IN,autumn,0.7,8101.53,0.0,21712.1,21222.52,-2.25
cotton,IN,winter,0.6,6964.66,0.0,41091.49,40503.13,-1.43
road_freight,IN,spring,0.3,228.61,15.29,489.52,492.81,0.67
electricity,IN,summer,3.1,14979.5,0.0,12283.19,14624.54,19.06
diesel,US,summer,1.5,6440.71,0.0,17261.11,17020.24,-1.4
cotton,US,winter,3.2,6100.93,0.0,35995.49,36426.04,1.2
cotton,US,autumn,5.9,667.03,0.0,3935.47,3868.62,-1.7
road_freight,IN,autumn,1.6,792.83,11.57,1284.11,1258.24,-2.01
cotton,EU,autumn,4.1,2345.77,0.0,13840.02,13886.44,0.34
diesel,US,summer,1.9,4084.22,0.0,10945.71,11100.45,1.41
electricity,CN,autumn,11.0,689.09,0.0,565.05,679.85,20.32
diesel,EU,winter,16.0,8284.48,0.0,22202.39,26735.67,20.42
cotton,US,spring,13.3,3527.16,0.0,20810.23,22040.95,5.91
cotton,IN,autumn,6.7,1016.58,0.0,5997.82,6007.22,0.16
cotton,CN,summer,0.0,1418.93,0.0,8371.68,8278.78,-1.11
road_freight,EU,winter,2.0,367.52,24.31,1250.9,1306.97,4.48
cotton,IN,spring,18.9,4053.17,0.0,23913.7,27609.95,15.46
electricity,US,spring,6.0,38653.64,0.0,31695.99,31835.4,0.44
electricity,EU,winter,6.4,23877.95,0.0,19579.92,19452.22,-0.65
cotton,IN,winter,8.4,383.92,0.0,2265.1,2309.69,1.97
diesel,EU,spring,6.2,4011.8,0.0,10751.61,10716.26,-0.33
road_freight,IN,autumn,0.5,155.37,24.01,522.18,527.55,1.03
electricity,IN,spring,0.1,19265.16,0.0,15797.43,18195.39,15.18
electricity,IN,autumn,17.8,2055.38,0.0,1685.41,2141.11,27.04
cotton,IN,winter,3.7,7711.64,0.0,45498.7,46586.42,2.39
electricity,EU,autumn,3.6,13729.01,0.0,11257.78,10482.81,-6.88
cotton,US,spring,8.8,6476.53,0.0,38211.52,38425.94,0.56
diesel,IN,autumn,2.4,3483.86,0.0,9336.74,9178.64,-1.69
road_freight,US,autumn,2.1,1633.82,34.15,7810.95,7925.18,1.46
road_freight,IN,summer,10.6,1535.06,11.61,2494.6,2569.23,2.99
cotton,EU,winter,1.7,3924.21,0.0,23152.83,22968.75,-0.8
road_freight,US,spring,5.2,2476.01,9.89,3429.06,3574.9,4.25
road_freight,US,spring,2.7,602.18,8.46,713.44,719.61,0.87
diesel,US,spring,2.3,2834.75,0.0,7597.13,7600.38,0.04
cotton,IN,summer,1.8,2827.02,0.0,16679.41,16805.41,0.76
cotton,IN,autumn,4.6,578.97,0.0,3415.91,3492.06,2.23
cotton,US,winter,3.6,1160.77,0.0,6848.55,7001.13,2.23
cotton,US,summer,2.6,7597.66,0.0,44826.21,44922.76,0.22
cotton,EU,spring,4.7,3519.25,0.0,20763.55,20934.56,0.82
diesel,IN,winter,3.9,8986.98,0.0,24085.1,25607.91,6.32
cotton,US,summer,1.7,7688.95,0.0,45364.82,45730.3,0.81
diesel,GLOBAL,autumn,3.1,9534.9,0.0,25553.53,24781.97,-3.02
electricity,GLOBAL,summer,0.5,31305.99,0.0,25670.91,27273.37,6.24
cotton,IN,summer,7.9,2904.82,0.0,17138.46,16851.69,-1.67
cotton,GLOBAL,autumn,1.1,3867.51,0.0,22818.31,23540.84,3.17
road_freight,IN,winter,3.7,1964.3,33.69,9263.61,9367.79,1.12
road_freight,CN,autumn,2.6,2319.18,9.55,3099.55,3125.41,0.83
road_freight,IN,autumn,1.2,1310.97,28.67,5262.56,5173.65,-1.69
electricity,CN,winter,0.8,14799.8,0.0,12135.84,14607.16,20.36
electricity,GLOBAL,summer,4.1,25879.65,0.0,21221.31,23452.42,10.51
diesel,IN,summer,18.1,5813.51,0.0,15580.22,17841.76,14.52
electricity,EU,autumn,2.9,28905.14,0.0,23702.22,22813.95,-3.75
cotton,CN,autumn,0.6,4097.07,0.0,24172.7,24040.38,-0.55
diesel,IN,spring,18.8,1566.96,0.0,4199.46,4787.67,14.01
electricity,EU,autumn,5.2,26076.57,0.0,21382.79,20402.78,-4.58
road_freight,IN,autumn,3.4,2264.21,29.91,9482.1,9751.44,2.84
road_freight,CN,spring,1.4,1498.27,8.14,1707.95,1689.68,-1.07
electricity,CN,autumn,6.1,18535.53,0.0,15199.14,17532.86,15.35
electricity,IN,summer,10.8,16943.46,0.0,13893.63,17162.91,23.53
road_freight,EU,spring,10.5,1313.37,17.29,3178.89,3285.11,3.34
electricity,US,winter,3.2,26364.25,0.0,21618.69,23636.22,9.33
diesel,GLOBAL,summer,1.4,199.9,0.0,535.72,546.38,1.99
diesel,IN,autumn,1.5,6664.17,0.0,17859.97,17801.91,-0.33
road_freight,CN,summer,5.6,2245.3,28.99,9114.31,8958.65,-1.71
diesel,IN,summer,9.9,9850.1,0.0,26398.26,26647.53,0.94
road_freight,IN,winter,1.0,982.69,15.68,2156.86,2162.6,0.27
electricity,US,spring,1.8,30276.92,0.0,24827.07,23958.51,-3.5
electricity,EU,winter,4.9,39146.23,0.0,32099.91,32197.86,0.31
cotton,IN,spring,7.2,5743.18,0.0,33884.76,34249.91,1.08
electricity,GLOBAL,summer,0.8,42598.34,0.0,34930.64,36883.32,5.59
diesel,IN,spring,2.5,9787.4,0.0,26230.24,26194.63,-0.14
cotton,EU,autumn,6.7,3539.06,0.0,20880.46,20095.17,-3.76
electricity,US,autumn,8.0,19525.57,0.0,16010.97,16168.89,0.99
diesel,CN,autumn,9.6,6197.53,0.0,16609.37,17021.8,2.48
road_freight,US,autumn,0.3,1286.75,25.71,4631.34,4902.12,5.85
cotton,IN,autumn,7.5,7624.49,0.0,44984.49,45362.85,0.84
road_freight,EU,autumn,2.1,2184.96,24.2,7402.41,7357.56,-0.61
road_freight,IN,autumn,16.4,2134.17,34.4,10279.01,11301.83,9.95
diesel,IN,autumn,2.0,3137.09,0.0,8407.4,8522.08,1.36
electricity,US,winter,3.4,43960.23,0.0,36047.39,37899.13,5.14
electricity,IN,winter,6.9,16956.58,0.0,13904.4,17129.46,23.19
diesel,IN,autumn,24.1,7870.13,0.0,21091.95,25956.45,23.06
road_freight,EU,winter,0.6,730.74,11.12,1137.46,1145.2,0.68
electricity,GLOBAL,spring,3.6,48866.66,0.0,40070.66,40161.3,0.23
cotton,US,spring,7.3,3439.56,0.0,20293.38,19912.14,-1.88
electricity,IN,summer,5.6,26081.1,0.0,21386.5,25981.5,21.49
electricity,EU,spring,5.6,4310.48,0.0,3534.6,3419.0,-3.27
diesel,GLOBAL,summer,3.4,6988.4,0.0,18728.9,18397.04,-1.77
electricity,US,spring,20.1,12919.21,0.0,10593.75,12499.91,17.99
road_freight,EU,autumn,5.3,1338.1,10.23,1917.24,1912.1,-0.27
road_freight,IN,summer,12.9,546.45,21.39,1636.42,1723.09,5.3
road_freight,EU,autumn,5.9,994.75,32.9,4581.39,4645.65,1.4
diesel,EU,spring,1.3,6757.36,0.0,18109.72,18133.98,0.13
cotton,IN,spring,8.1,2683.65,0.0,15833.55,15979.64,0.92
road_freight,US,summer,0.1,1494.16,22.24,4651.94,4679.65,0.6
road_freight,IN,autumn,1.4,1652.29,29.01,6709.71,6699.76,-0.15
diesel,IN,spring,0.4,4643.51,0.0,12444.61,12384.34,-0.48
road_freight,US,summer,5.4,961.89,12.99,1749.32,1739.85,-0.54
electricity,IN,autumn,1.3,31030.79,0.0,25445.25,29461.82,15.79
road_freight,EU,spring,2.1,1938.32,16.11,4370.97,4423.21,1.2
electricity,CN,winter,13.5,33489.92,0.0,27461.74,35464.7,29.14
road_freight,US,winter,12.4,1612.99,29.51,6663.95,7539.89,13.14
diesel,EU,spring,10.4,2994.59,0.0,8025.51,8311.84,3.57
electricity,IN,autumn,5.4,20677.83,0.0,16955.82,19169.17,13.05
diesel,IN,summer,3.2,6586.22,0.0,17651.07,17640.28,-0.06
electricity,IN,autumn,4.4,39432.86,0.0,32334.94,37384.95,15.62
electricity,CN,winter,2.2,12872.87,0.0,10555.75,12993.38,23.09
electricity,US,winter,8.1,4293.47,0.0,3520.65,3817.55,8.43
diesel,CN,winter,2.4,3608.81,0.0,9671.6,10469.65,8.25
electricity,GLOBAL,winter,2.3,45226.14,0.0,37085.44,40280.91,8.62
road_freight,CN,autumn,11.7,1883.47,16.49,4349.22,4405.88,1.3
road_freight,IN,winter,3.2,1818.73,14.7,3742.56,3535.89,-5.52
road_freight,CN,winter,7.9,1311.59,7.32,1345.03,1333.82,-0.83
diesel,IN,summer,7.9,8828.46,0.0,23660.27,23808.64,0.63
electricity,IN,spring,5.6,12644.94,0.0,10368.85,11637.7,12.24
diesel,IN,summer,2.5,7518.97,0.0,20150.83,20255.02,0.52
electricity,EU,winter,4.7,34973.28,0.0,28678.09,29273.58,2.08
road_freight,IN,spring,2.4,1389.38,20.99,4082.54,4079.09,-0.08
cotton,IN,autumn,7.1,1729.39,0.0,10203.41,10597.56,3.86
electricity,CN,summer,8.9,47596.38,0.0,39029.03,47779.09,22.42
cotton,EU,summer,4.9,5064.57,0.0,29880.96,30678.39,2.67
road_freight,IN,winter,7.9,1758.32,26.84,6606.36,6746.96,2.13
diesel,IN,spring,9.4,4567.81,0.0,12241.74,12476.05,1.91
diesel,CN,winter,4.0,232.34,0.0,622.67,694.37,11.52
diesel,IN,spring,0.4,8785.77,0.0,23545.86,23040.32,-2.15
electricity,US,autumn,11.3,27506.47,0.0,22555.3,23655.42,4.88
electricity,GLOBAL,autumn,30.0,28173.43,0.0,23102.22,29042.25,25.71
electricity,IN,spring,7.8,30616.24,0.0,25105.32,28175.65,12.23
electricity,IN,summer,7.4,914.0,0.0,749.48,921.22,22.91
diesel,EU,winter,2.8,6356.69,0.0,17035.92,18434.21,8.21
electricity,US,autumn,8.4,40248.6,0.0,33003.85,32799.78,-0.62
electricity,IN,winter,1.4,35805.18,0.0,29360.24,36746.13,25.16
electricity,IN,spring,14.3,38056.41,0.0,31206.25,37851.25,21.29
electricity,EU,autumn,11.5,27311.5,0.0,22395.43,21867.85,-2.36
electricity,EU,autumn,1.4,16034.43,0.0,13148.23,12638.29,-3.88
diesel,IN,spring,12.2,7271.01,0.0,19486.31,20855.58,7.03
electricity,IN,summer,10.4,33145.78,0.0,27179.54,34448.26,26.74
road_freight,IN,spring,4.6,1610.07,26.69,6016.55,6035.8,0.32
road_freight,US,spring,1.5,1508.49,10.73,2266.68,2197.27,-3.06
road_freight,CN,autumn,3.7,2459.1,27.96,9626.37,9768.71,1.48
diesel,IN,winter,1.8,433.4,0.0,1161.5,1273.39,9.63
cotton,IN,winter,6.0,6879.15,0.0,40586.99,40298.43,-0.71
diesel,US,summer,13.9,9961.96,0.0,26698.06,29808.7,11.65
road_freight,CN,summer,10.1,1781.75,33.92,8461.11,9135.88,7.97
electricity,IN,summer,0.1,18341.13,0.0,15039.72,17693.84,17.65
road_freight,US,summer,0.5,814.88,2.52,287.43,281.5,-2.06
diesel,US,spring,5.0,6283.68,0.0,16840.26,17215.25,2.23
cotton,US,winter,0.4,5142.75,0.0,30342.2,30878.8,1.77
diesel,US,autumn,5.5,9289.0,0.0,24894.53,25476.96,2.34
cotton,IN,winter,6.0,3807.35,0.0,22463.38,22328.14,-0.6
cotton,US,spring,5.4,521.45,0.0,3076.55,2896.33,-5.86
electricity,EU,summer,12.0,5948.13,0.0,4877.47,5186.52,6.34
diesel,US,winter,6.3,2825.35,0.0,7571.95,8276.5,9.3
diesel,US,autumn,3.2,2121.25,0.0,5684.95,5695.53,0.19
electricity,GLOBAL,spring,0.1,39065.58,0.0,32033.77,31691.45,-1.07
road_freight,EU,autumn,3.6,1729.97,32.04,7759.22,7827.29,0.88
cotton,US,winter,1.9,7378.33,0.0,43532.14,43649.22,0.27
electricity,US,autumn,5.4,35280.69,0.0,28930.17,29049.73,0.41
diesel,EU,summer,1.4,8643.67,0.0,23165.03,23507.18,1.48
cotton,IN,winter,9.7,7088.21,0.0,41820.43,42648.53,1.98
diesel,EU,summer,21.8,4703.59,0.0,12605.63,15126.73,20.0
road_freight,IN,autumn,2.6,1116.71,15.07,2355.53,2389.92,1.46
electricity,US,spring,0.4,10934.26,0.0,8966.09,9022.64,0.63
diesel,US,spring,17.1,840.73,0.0,2253.16,2617.03,16.15
cotton,IN,autumn,3.5,2299.11,0.0,13564.75,12876.37,-5.07
road_freight,IN,autumn,1.5,100.28,29.28,411.03,399.4,-2.83
electricity,GLOBAL,spring,9.9,7772.64,0.0,6373.56,6392.72,0.3
electricity,CN,summer,1.9,5379.85,0.0,4411.48,5340.82,21.07
road_freight,IN,autumn,5.2,1288.5,6.75,1218.46,1239.16,1.7
road_freight,IN,spring,12.5,1132.28,34.48,5465.7,6003.28,9.84
electricity,IN,spring,7.7,28927.23,0.0,23720.33,26685.78,12.5
road_freight,EU,summer,1.3,160.16,6.17,138.34,142.53,3.03
cotton,IN,winter,4.0,5958.97,0.0,35157.91,35409.53,0.72
electricity,US,summer,6.4,6292.08,0.0,5159.51,5437.66,5.39
road_freight,IN,autumn,0.8,531.23,33.4,2483.85,2495.87,0.48
diesel,US,winter,4.3,8709.1,0.0,23340.39,25391.49,8.79
cotton,EU,summer,0.9,4609.93,0.0,27198.6,27154.3,-0.16
diesel,IN,autumn,4.0,4124.91,0.0,11054.76,11101.96,0.43
electricity,US,spring,0.9,19040.14,0.0,15612.91,15871.68,1.66
road_freight,IN,summer,2.5,1837.19,20.92,5379.82,5646.59,4.96
electricity,EU,winter,12.3,39733.44,0.0,32581.42,36798.37,12.94
road_freight,EU,spring,1.9,1408.13,8.58,1692.17,1658.33,-2.0
cotton,GLOBAL,autumn,1.4,1981.36,0.0,11690.02,11506.83,-1.57
cotton,US,winter,8.9,5649.66,0.0,33332.98,34689.74,4.07
electricity,EU,winter,8.8,20194.35,0.0,16559.37,17291.3,4.42
road_freight,IN,winter,8.6,161.36,23.34,527.21,539.63,2.36
electricity,EU,winter,0.3,2228.12,0.0,1827.06,1822.42,-0.25
electricity,IN,spring,30.0,39902.37,0.0,32719.94,44971.99,37.45
electricity,US,winter,0.7,30611.82,0.0,25101.69,27457.9,9.39
electricity,IN,winter,5.7,10392.14,0.0,8521.56,10413.19,22.2
road_freight,IN,spring,6.8,1436.16,32.66,6567.08,6482.55,-1.29
electricity,IN,winter,8.3,21840.06,0.0,17908.85,21842.09,21.96
electricity,IN,winter,19.5,33559.46,0.0,27518.76,38079.07,38.37
cotton,IN,winter,6.4,1619.25,0.0,9553.56,9720.47,1.75
electricity,US,spring,1.9,14439.99,0.0,11840.8,11487.4,-2.98
cotton,IN,autumn,4.7,2840.4,0.0,16758.36,17224.23,2.78
electricity,IN,autumn,3.5,13421.9,0.0,11005.96,12479.93,13.39
electricity,CN,summer,25.1,46980.32,0.0,38523.86,54789.88,42.22
diesel,IN,autumn,5.4,1589.68,0.0,4260.33,4241.82,-0.43
cotton,IN,spring,1.3,139.71,0.0,824.29,802.63,-2.63
diesel,IN,summer,8.5,650.49,0.0,1743.33,1785.89,2.44
diesel,IN,winter,1.7,7199.49,0.0,19294.64,20690.15,7.23
road_freight,IN,autumn,7.0,715.5,8.29,830.42,846.27,1.91
diesel,IN,winter,11.9,8242.7,0.0,22090.43,25135.77,13.79
diesel,EU,spring,2.1,6001.21,0.0,16083.25,15664.36,-2.6
electricity,IN,winter,3.0,18079.02,0.0,14824.79,18099.02,22.09
diesel,CN,autumn,6.4,8994.03,0.0,24103.99,23980.31,-0.51
electricity,IN,winter,0.5,13069.92,0.0,10717.33,13023.42,21.52
diesel,IN,summer,23.6,2225.49,0.0,5964.31,7384.08,23.8
diesel,US,winter,7.2,6207.75,0.0,16636.76,17846.68,7.27
cotton,EU,autumn,2.1,7512.69,0.0,44324.9,44748.07,0.95
road_freight,GLOBAL,winter,0.2,1966.02,9.92,2731.06,2732.33,0.05
diesel,GLOBAL,winter,1.7,5818.55,0.0,15593.73,16695.39,7.06
electricity,CN,winter,0.5,44846.27,0.0,36773.94,44505.0,21.02
diesel,US,winter,0.5,4720.26,0.0,12650.3,13768.62,8.84
electricity,CN,spring,1.2,7410.14,0.0,6076.32,7108.59,16.99
road_freight,IN,autumn,16.2,340.68,32.81,1565.04,1770.7,13.14
road_freight,US,spring,16.6,813.92,10.24,1167.11,1345.36,15.27
electricity,GLOBAL,spring,0.4,21174.52,0.0,17363.1,17896.35,3.07
diesel,US,summer,0.3,6964.02,0.0,18663.57,18206.69,-2.45
road_freight,GLOBAL,autumn,10.1,1548.99,14.32,3106.3,3246.77,4.52
electricity,IN,autumn,8.3,26817.22,0.0,21990.12,24399.13,10.95
diesel,IN,autumn,1.0,8290.29,0.0,22217.98,22351.25,0.6
diesel,IN,autumn,4.4,7130.14,0.0,19108.76,18999.93,-0.57
cotton,IN,summer,1.5,7100.84,0.0,41894.93,41365.81,-1.26
cotton,GLOBAL,spring,2.3,2357.03,0.0,13906.46,13830.86,-0.54
diesel,EU,summer,7.9,8262.27,0.0,22142.88,21877.24,-1.2
diesel,CN,spring,17.2,2447.73,0.0,6559.92,7499.2,14.32
electricity,IN,summer,4.0,25947.72,0.0,21277.13,25374.22,19.26
electricity,US,autumn,12.9,28190.57,0.0,23116.27,25079.15,8.49
road_freight,IN,winter,7.8,897.22,24.15,3033.02,3083.4,1.66
road_freight,GLOBAL,autumn,2.9,1567.39,17.0,3729.36,3716.07,-0.36
electricity,IN,winter,1.2,31326.29,0.0,25687.56,30637.94,19.27
diesel,IN,autumn,14.9,7785.28,0.0,20864.54,23111.14,10.77
electricity,EU,spring,0.5,19958.64,0.0,16366.09,15038.77,-8.11
diesel,IN,spring,1.0,3422.67,0.0,9172.76,9165.57,-0.08
road_freight,GLOBAL,summer,0.9,617.11,30.66,2648.69,2645.37,-0.13
cotton,IN,spring,1.4,3418.03,0.0,20166.39,19887.54,-1.38
diesel,EU,autumn,3.0,9740.62,0.0,26104.87,26650.53,2.09
electricity,IN,summer,5.0,37696.92,0.0,30911.48,37118.25,20.08
diesel,IN,winter,10.7,8075.92,0.0,21643.47,23778.19,9.86
diesel,IN,winter,0.6,990.17,0.0,2653.66,2789.43,5.12
electricity,IN,summer,0.3,24880.5,0.0,20402.01,24832.24,21.71
electricity,IN,autumn,7.1,27861.74,0.0,22846.62,25747.66,12.7
electricity,GLOBAL,winter,1.0,13774.63,0.0,11295.2,12055.6,6.73
electricity,IN,autumn,1.1,41454.15,0.0,33992.4,37543.93,10.45
road_freight,IN,spring,1.8,2220.91,31.56,9812.18,9994.18,1.85
electricity,IN,summer,6.3,43818.34,0.0,35931.04,42802.07,19.12
electricity,IN,winter,1.0,37028.57,0.0,30363.43,37258.98,22.71
electricity,EU,winter,27.5,1986.06,0.0,1628.57,2076.29,27.49
diesel,IN,summer,6.5,5820.29,0.0,15598.38,14677.11,-5.91
cotton,IN,winter,8.8,3531.46,0.0,20835.59,21956.13,5.38
road_freight,US,autumn,1.4,2339.36,24.74,8102.58,7948.07,-1.91
road_freight,US,autumn,5.5,1332.82,10.37,1934.67,1901.15,-1.73
diesel,EU,winter,8.7,2604.96,0.0,6981.29,7160.61,2.57
cotton,IN,spring,2.0,836.84,0.0,4937.38,4838.02,-2.01
diesel,US,spring,1.6,6290.77,0.0,16859.26,16743.28,-0.69
road_freight,IN,winter,6.3,570.22,6.03,481.08,474.76,-1.31
cotton,IN,winter,15.9,2722.57,0.0,16063.19,18066.69,12.47
electricity,IN,autumn,9.9,42179.78,0.0,34587.42,41454.06,19.85
road_freight,EU,spring,2.1,1676.37,33.85,7945.49,7930.35,-0.19
diesel,CN,autumn,1.1,344.37,0.0,922.92,936.15,1.43
road_freight,IN,spring,15.0,1046.15,6.73,985.43,1046.68,6.22
road_freight,IN,spring,9.2,2486.32,21.98,7651.2,7924.48,3.57
road_freight,US,summer,0.0,716.29,9.19,921.62,912.45,-0.99
road_freight,US,spring,3.5,154.05,24.59,530.39,529.51,-0.17
electricity,CN,summer,7.8,39101.13,0.0,32062.93,36431.3,13.62
diesel,IN,summer,2.3,5588.13,0.0,14976.19,15375.21,2.66
electricity,EU,winter,3.0,12394.81,0.0,10163.74,10413.08,2.45
diesel,IN,summer,0.5,8314.26,0.0,22282.21,22253.01,-0.13
diesel,IN,autumn,5.2,8143.49,0.0,21824.56,21967.66,0.66
electricity,IN,winter,4.0,43048.04,0.0,35299.39,44235.94,25.32
electricity,EU,winter,5.2,34824.4,0.0,28556.0,29576.19,3.57
road_freight,EU,autumn,3.3,2486.98,5.05,1759.17,1783.08,1.36
road_freight,IN,summer,5.8,2132.4,8.48,2530.42,2585.93,2.19
diesel,GLOBAL,autumn,2.0,3050.95,0.0,8176.54,8327.22,1.84
road_freight,CN,summer,5.3,1383.64,9.71,1881.59,1853.22,-1.51
road_freight,CN,spring,4.4,715.88,15.17,1520.63,1572.03,3.38
diesel,GLOBAL,autumn,5.2,7329.2,0.0,19642.24,20070.22,2.18
electricity,US,winter,30.0,35171.37,0.0,28840.53,37954.53,31.6
cotton,US,winter,2.3,549.36,0.0,3241.24,3316.6,2.32
road_freight,EU,winter,20.4,1588.89,32.71,7276.44,8455.1,16.2
electricity,US,winter,0.8,29434.88,0.0,24136.6,26592.44,10.17
cotton,IN,spring,3.8,706.11,0.0,4166.05,4084.56,-1.96
diesel,GLOBAL,winter,0.7,8844.41,0.0,23703.02,25598.44,8.0
electricity,IN,summer,5.7,23143.43,0.0,18977.61,22404.55,18.06
electricity,EU,winter,18.5,7995.9,0.0,6556.64,7431.13,13.34
electricity,US,winter,0.7,43474.38,0.0,35648.99,37903.01,6.32
road_freight,IN,autumn,1.4,193.48,20.23,547.94,542.42,-1.01
electricity,CN,summer,0.7,13085.93,0.0,10730.46,12935.04,20.55
road_freight,US,winter,3.0,776.0,6.73,731.63,704.42,-3.72
diesel,IN,autumn,5.7,5284.27,0.0,14161.84,14068.75,-0.66
electricity,IN,spring,3.9,31689.61,0.0,25985.48,28596.5,10.05
road_freight,EU,winter,1.3,1712.3,12.66,3035.44,3129.03,3.08
road_freight,US,spring,5.2,2343.05,24.18,7933.08,7682.49,-3.16
electricity,CN,spring,5.8,17421.44,0.0,14285.58,16388.57,14.72
electricity,US,summer,2.9,3200.99,0.0,2624.81,2704.97,3.05
electricity,GLOBAL,autumn,8.4,45324.17,0.0,37165.82,37055.08,-0.3
electricity,IN,autumn,2.6,40089.28,0.0,32873.21,37785.19,14.94
electricity,CN,spring,3.8,22546.63,0.0,18488.24,21035.54,13.78
electricity,IN,winter,5.1,9649.5,0.0,7912.59,9672.55,22.24
diesel,US,spring,2.0,8388.65,0.0,22481.58,21502.92,-4.35
road_freight,IN,summer,1.2,545.62,14.76,1127.57,1144.3,1.48
diesel,IN,winter,18.3,8847.29,0.0,23710.74,28867.67,21.75
electricity,IN,summer,0.4,28906.36,0.0,23703.21,28149.13,18.76
electricity,CN,autumn,1.8,6120.26,0.0,5018.61,5455.32,8.7
electricity,US,autumn,2.1,4320.78,0.0,3543.04,3638.81,2.7
diesel,IN,spring,8.5,6837.53,0.0,18324.57,18862.31,2.93
diesel,GLOBAL,summer,4.9,859.9,0.0,2304.54,2347.03,1.84
diesel,EU,summer,2.4,7683.12,0.0,20590.76,21324.42,3.56
electricity,IN,winter,0.6,47857.66,0.0,39243.28,47087.77,19.99
electricity,EU,autumn,0.7,24775.22,0.0,20315.68,18584.21,-8.52
electricity,IN,summer,15.3,4100.38,0.0,3362.31,4439.07,32.02
electricity,IN,summer,11.1,16583.68,0.0,13598.62,16988.98,24.93
road_freight,US,winter,3.2,2446.64,7.97,2729.77,2732.26,0.09
road_freight,IN,summer,1.9,1842.33,14.28,3683.17,3627.17,-1.52
diesel,GLOBAL,summer,0.9,4216.6,0.0,11300.5,11309.2,0.08
electricity,IN,summer,5.0,3429.27,0.0,2812.0,3446.5,22.56
cotton,IN,summer,17.9,7048.85,0.0,41588.23,48283.05,16.1
cotton,GLOBAL,winter,2.6,2492.36,0.0,14704.9,14975.38,1.84
electricity,GLOBAL,spring,5.1,8492.16,0.0,6963.57,7110.9,2.12
electricity,US,winter,1.5,3923.1,0.0,3216.94,3439.77,6.93
electricity,IN,summer,1.8,34900.18,0.0,28618.15,34751.65,21.43
electricity,EU,spring,4.3,6959.98,0.0,5707.18,5152.45,-9.72
cotton,IN,autumn,4.3,2376.66,0.0,14022.28,13852.51,-1.21
diesel,US,winter,1.7,1003.96,0.0,2690.61,2869.32,6.64
diesel,US,winter,0.6,6294.25,0.0,16868.59,18113.04,7.38
electricity,IN,winter,1.8,32283.28,0.0,26472.29,32273.08,21.91
diesel,US,autumn,5.5,8120.59,0.0,21763.19,20984.51,-3.58
electricity,EU,summer,1.8,16707.34,0.0,13700.02,13594.95,-0.77
road_freight,IN,winter,4.9,1490.58,16.07,3354.44,3327.38,-0.81
road_freight,IN,summer,7.7,1943.04,25.59,6961.61,6926.21,-0.51
electricity,US,autumn,6.3,33609.39,0.0,27559.7,27582.5,0.08
road_freight,GLOBAL,autumn,2.4,1415.64,25.33,5020.45,5127.33,2.13
cotton,CN,autumn,30.0,5789.24,0.0,34156.54,43079.85,26.12
electricity,CN,autumn,2.3,3327.3,0.0,2728.39,3088.93,13.21
electricity,GLOBAL,winter,8.6,15973.6,0.0,13098.35,13899.77,6.12
electricity,IN,autumn,9.8,4644.38,0.0,3808.4,4325.38,13.57
cotton,IN,summer,20.2,3209.09,0.0,18933.61,21877.77,15.55
diesel,EU,winter,3.4,6356.99,0.0,17036.73,18122.14,6.37
diesel,IN,autumn,8.2,2399.02,0.0,6429.39,6627.07,3.07
electricity,IN,summer,15.3,40697.84,0.0,33372.23,44008.61,31.87
electricity,EU,spring,1.2,47836.45,0.0,39225.89,37291.07,-4.93
electricity,IN,winter,14.0,13737.06,0.0,11264.39,14677.66,30.3
electricity,GLOBAL,summer,11.7,38350.22,0.0,31447.18,36644.25,16.53
diesel,EU,summer,11.5,3348.78,0.0,8974.74,9475.72,5.58
diesel,IN,spring,2.2,8043.72,0.0,21557.17,21383.34,-0.81
cotton,IN,spring,0.5,5492.96,0.0,32408.44,32154.0,-0.79
road_freight,CN,winter,7.3,1867.85,24.36,6371.37,6459.57,1.38
electricity,CN,spring,2.2,43054.14,0.0,35304.39,40627.69,15.08
road_freight,IN,winter,4.3,1530.57,17.21,3687.67,3759.83,1.96
road_freight,CN,autumn,16.3,1035.45,17.47,2532.51,2870.48,13.35
diesel,IN,autumn,0.7,4137.0,0.0,11087.17,11135.8,0.44
cotton,IN,spring,2.6,6913.72,0.0,40790.96,41410.24,1.52
road_freight,CN,spring,9.0,1013.15,6.6,935.49,929.59,-0.63
diesel,US,winter,0.3,2630.83,0.0,7050.62,7433.22,5.43
diesel,US,summer,4.2,5126.8,0.0,13739.83,13769.51,0.22
diesel,GLOBAL,spring,3.9,4567.54,0.0,12241.01,12262.77,0.18
electricity,IN,spring,1.3,41102.54,0.0,33704.08,39158.68,16.18
road_freight,IN,winter,1.9,162.85,32.72,745.94,764.14,2.44
electricity,CN,winter,15.2,17578.33,0.0,14414.23,19373.0,34.4
diesel,IN,winter,11.9,1143.51,0.0,3064.61,3531.06,15.22
electricity,CN,winter,0.8,3846.44,0.0,3154.08,4029.92,27.77
road_freight,GLOBAL,winter,7.3,803.87,9.99,1124.49,1127.36,0.26
road_freight,IN,summer,0.2,2486.11,9.68,3369.19,3354.15,-0.45
diesel,IN,autumn,5.9,903.53,0.0,2421.45,2501.94,3.32
road_freight,CN,winter,11.9,2171.79,2.33,707.54,743.79,5.12
road_freight,US,summer,9.9,835.78,20.56,2405.71,2518.18,4.67
cotton,IN,spring,0.6,5680.34,0.0,33514.0,33037.97,-1.42
electricity,IN,autumn,18.5,6533.04,0.0,5357.09,6805.75,27.04
electricity,IN,autumn,3.2,19154.91,0.0,15707.03,17956.19,14.32
cotton,GLOBAL,winter,8.0,4342.63,0.0,25621.5,25396.6,-0.88
road_freight,GLOBAL,spring,2.3,452.5,27.84,1763.95,1798.0,1.93
diesel,US,summer,2.4,305.5,0.0,818.75,817.24,-0.18
road_freight,IN,summer,11.5,82.41,18.89,217.93,223.88,2.73
road_freight,GLOBAL,summer,0.1,2017.3,34.37,9705.79,9722.71,0.17
cotton,GLOBAL,spring,4.7,1363.05,0.0,8042.0,8442.4,4.98
road_freight,IN,winter,3.6,2083.06,23.61,6884.17,7124.8,3.5
diesel,IN,summer,2.8,4193.81,0.0,11239.42,11025.88,-1.9
diesel,IN,summer,1.8,9699.2,0.0,25993.85,26462.55,1.8
cotton,IN,winter,0.9,6131.78,0.0,36177.47,36944.54,2.12
diesel,GLOBAL,summer,3.9,4833.77,0.0,12954.51,13116.17,1.25
road_freight,US,winter,15.0,2224.3,22.64,7049.92,7971.46,13.07
road_freight,IN,winter,5.0,1694.94,32.57,7728.18,7904.28,2.28
road_freight,US,autumn,0.9,531.89,9.84,732.5,738.62,0.84
electricity,US,autumn,5.3,26541.08,0.0,21763.69,22112.57,1.6
diesel,US,spring,1.2,1187.64,0.0,3182.89,3245.1,1.95
cotton,IN,summer,3.2,670.99,0.0,3958.83,4046.94,2.23
road_freight,IN,winter,2.9,247.42,6.86,237.5,238.63,0.48
electricity,IN,winter,11.3,20164.94,0.0,16535.25,21239.71,28.45
electricity,IN,spring,20.3,10686.82,0.0,8763.19,11498.54,31.21
road_freight,US,summer,2.0,248.34,30.93,1075.29,1055.34,-1.86
electricity,IN,spring,8.6,17271.76,0.0,14162.85,16567.13,16.98
cotton,EU,autumn,5.2,530.64,0.0,3130.8,3130.26,-0.02
diesel,CN,spring,15.1,4295.32,0.0,11511.47,12278.69,6.66
electricity,GLOBAL,spring,10.6,9921.68,0.0,8135.78,8471.53,4.13
electricity,IN,autumn,2.5,21967.87,0.0,18013.65,20832.67,15.65
road_freight,IN,autumn,9.4,1523.39,13.19,2814.0,2841.24,0.97
road_freight,IN,winter,3.1,1700.7,16.86,4014.71,4019.13,0.11
road_freight,IN,autumn,3.9,1671.17,9.23,2159.76,2169.68,0.46
electricity,IN,autumn,1.5,48379.92,0.0,39671.54,44494.05,12.16
road_freight,GLOBAL,spring,9.8,784.19,33.75,3705.22,3974.56,7.27
road_freight,EU,winter,1.4,52.31,3.3,24.14,24.47,1.36
cotton,IN,summer,2.9,1193.11,0.0,7039.34,7130.92,1.3
cotton,US,autumn,8.8,7805.74,0.0,46053.88,47014.17,2.09
electricity,IN,winter,4.4,25114.07,0.0,20593.54,25273.12,22.72
electricity,IN,autumn,11.6,17330.22,0.0,14210.78,17268.94,21.52
cotton,IN,autumn,2.6,5475.04,0.0,32302.72,32810.91,1.57
road_freight,EU,winter,6.1,531.39,8.99,668.63,661.38,-1.08
diesel,IN,summer,7.3,9293.11,0.0,24905.53,24467.8,-1.76
electricity,EU,spring,4.5,13315.76,0.0,10918.92,10500.28,-3.83
diesel,EU,winter,9.4,8134.56,0.0,21800.63,23705.42,8.74
diesel,EU,winter,5.8,9701.21,0.0,25999.23,28064.7,7.94
road_freight,GLOBAL,winter,7.7,500.27,12.84,899.06,890.99,-0.9
diesel,IN,spring,2.4,5241.2,0.0,14046.4,14043.01,-0.02
diesel,CN,autumn,8.9,3916.98,0.0,10497.51,10889.27,3.73
road_freight,CN,autumn,2.6,2335.53,32.45,10609.41,10614.05,0.04
electricity,IN,spring,10.9,43193.24,0.0,35418.45,42499.69,19.99
diesel,IN,summer,8.1,4901.68,0.0,13136.5,13039.15,-0.74
diesel,GLOBAL,autumn,1.2,2885.37,0.0,7732.79,7496.27,-3.06
road_freight,EU,autumn,10.9,637.56,8.43,752.77,745.85,-0.92
electricity,EU,autumn,23.8,23579.54,0.0,19335.22,22597.51,16.87
electricity,IN,summer,0.3,22176.04,0.0,18184.36,22301.6,22.64
road_freight,IN,winter,3.0,1560.95,30.41,6644.78,6816.24,2.58
electricity,US,spring,2.7,5424.99,0.0,4448.49,4333.69,-2.58
road_freight,GLOBAL,spring,5.0,1315.74,11.39,2098.41,2148.76,2.4
road_freight,IN,spring,8.5,740.7,12.5,1295.74,1307.14,0.88
cotton,IN,autumn,1.1,4423.87,0.0,26100.8,25545.56,-2.13
electricity,IN,summer,0.6,1293.39,0.0,1060.58,1257.97,18.61
cotton,IN,spring,7.1,183.35,0.0,1081.79,1104.87,2.13
electricity,IN,spring,8.7,20617.62,0.0,16906.45,19347.98,14.44
cotton,US,spring,7.6,2245.25,0.0,13246.97,13479.02,1.75
electricity,EU,autumn,6.8,15397.83,0.0,12626.22,11750.81,-6.93
diesel,EU,winter,1.4,6988.37,0.0,18728.83,19619.91,4.76
electricity,CN,winter,0.8,10574.98,0.0,8671.48,10522.72,21.35
road_freight,IN,autumn,9.9,828.87,2.29,265.69,265.31,-0.15
diesel,US,winter,14.7,3940.93,0.0,10561.69,12272.86,16.2
road_freight,IN,spring,1.2,1140.92,18.11,2892.35,3004.27,3.87
diesel,US,winter,15.9,2127.54,0.0,5701.82,6711.52,17.71
road_freight,EU,winter,3.1,643.53,8.72,785.18,783.1,-0.27
electricity,IN,winter,3.4,43541.92,0.0,35704.37,43293.29,21.25
diesel,GLOBAL,summer,6.4,2812.49,0.0,7537.47,7492.6,-0.6
diesel,IN,autumn,1.6,678.73,0.0,1819.01,1912.54,5.14
electricity,US,summer,6.5,6352.8,0.0,5209.3,5709.01,9.59
diesel,IN,summer,3.3,7040.87,0.0,18869.52,19170.29,1.59
electricity,US,spring,16.3,6987.4,0.0,5729.67,6447.99,12.54
road_freight,IN,summer,4.2,2279.33,25.67,8191.34,8427.34,2.88
electricity,EU,summer,3.5,46974.41,0.0,38519.02,38346.88,-0.45
road_freight,EU,spring,11.9,1227.37,4.27,733.53,749.32,2.15
electricity,IN,summer,12.4,11425.27,0.0,9368.72,11762.95,25.56
electricity,US,winter,11.7,15592.7,0.0,12786.02,14757.75,15.42
diesel,IN,autumn,7.5,9735.28,0.0,26090.56,25988.18,-0.39
road_freight,IN,autumn,4.0,488.95,31.41,2149.95,2121.09,-1.34
electricity,EU,autumn,7.3,26316.77,0.0,21579.75,20836.82,-3.44
diesel,IN,spring,0.9,4730.43,0.0,12677.56,12843.29,1.31
road_freight,IN,summer,2.1,1426.74,5.69,1137.31,1165.36,2.47
road_freight,GLOBAL,autumn,3.0,2224.19,31.5,9808.62,10195.75,3.95
electricity,US,summer,0.4,46584.43,0.0,38199.23,40542.01,6.13
cotton,IN,winter,5.2,2332.15,0.0,13759.67,13585.73,-1.26
electricity,IN,winter,5.3,41119.29,0.0,33717.82,40430.12,19.91
road_freight,IN,winter,1.8,825.32,4.87,562.69,538.5,-4.3
electricity,GLOBAL,summer,3.0,13306.19,0.0,10911.08,11814.04,8.28
road_freight,GLOBAL,autumn,0.6,445.55,33.7,2102.38,2077.53,-1.18
electricity,IN,summer,4.6,34572.75,0.0,28349.66,33569.99,18.41
cotton,GLOBAL,summer,4.6,3304.6,0.0,19497.13,19765.2,1.37
diesel,GLOBAL,winter,0.4,8465.62,0.0,22687.86,24468.23,7.85
diesel,IN,spring,27.8,6152.28,0.0,16488.12,20561.5,24.7
electricity,EU,summer,0.1,44838.45,0.0,36767.53,36721.67,-0.12
electricity,EU,winter,10.0,12295.34,0.0,10082.18,10544.97,4.59
diesel,US,summer,0.9,1935.55,0.0,5187.27,5192.91,0.11
road_freight,IN,autumn,11.9,391.65,20.78,1139.61,1176.43,3.23
cotton,US,spring,6.5,3171.27,0.0,18710.5,18563.61,-0.79
electricity,EU,autumn,20.4,47927.84,0.0,39300.83,43785.35,11.41
diesel,IN,autumn,10.9,3297.6,0.0,8837.56,9126.0,3.26
diesel,IN,summer,0.3,3924.25,0.0,10516.99,10356.69,-1.52
electricity,IN,autumn,17.8,35702.42,0.0,29275.99,38569.27,31.74
electricity,US,winter,1.7,34223.46,0.0,28063.24,30351.37,8.15
road_freight,US,summer,4.1,69.03,18.24,176.26,181.92,3.21
road_freight,IN,autumn,1.5,377.76,33.46,1769.52,1737.75,-1.8
diesel,IN,autumn,1.5,2614.45,0.0,7006.72,6867.63,-1.99
road_freight,EU,winter,1.5,948.36,14.9,1978.32,2015.28,1.87
cotton,GLOBAL,summer,3.5,2495.94,0.0,14726.02,14464.68,-1.77
electricity,IN,winter,11.7,42320.77,0.0,34703.03,45220.7,30.31
electricity,EU,autumn,1.6,31963.78,0.0,26210.3,24313.67,-7.24
cotton,IN,summer,10.0,2421.94,0.0,14289.46,14572.09,1.98
electricity,EU,autumn,11.5,3102.43,0.0,2543.99,2531.37,-0.5
electricity,US,winter,8.4,28629.3,0.0,23476.02,25048.08,6.7
electricity,US,winter,4.4,36249.7,0.0,29724.75,32212.2,8.37
road_freight,IN,summer,1.6,1255.4,12.24,2150.87,2095.81,-2.56
diesel,US,winter,0.3,4517.09,0.0,12105.79,12637.49,4.39
electricity,IN,summer,0.7,38905.92,0.0,31902.86,38590.95,20.96
road_freight,EU,winter,3.5,144.95,18.49,375.13,369.28,-1.56
road_freight,IN,spring,6.1,249.55,16.36,571.4,581.47,1.76
electricity,US,spring,3.4,49952.95,0.0,40961.42,40731.21,-0.56
electricity,US,spring,4.5,23629.42,0.0,19376.12,19299.37,-0.4
diesel,US,winter,0.8,7448.76,0.0,19962.67,21009.08,5.24
road_freight,IN,summer,0.9,687.12,14.71,1414.75,1445.06,2.14
cotton,US,summer,3.6,4105.3,0.0,24221.25,24567.97,1.43
cotton,IN,summer,30.0,2182.06,0.0,12874.13,16123.43,25.24
electricity,GLOBAL,winter,30.0,4210.52,0.0,3452.63,4560.03,32.07
electricity,IN,autumn,10.4,32492.34,0.0,26643.72,30571.29,14.74
road_freight,IN,summer,1.8,1931.3,26.81,7248.72,7051.04,-2.73
diesel,IN,winter,3.7,645.51,0.0,1729.95,1882.86,8.84
electricity,US,winter,17.6,14120.92,0.0,11579.15,14331.09,23.77
electricity,GLOBAL,summer,3.9,18086.56,0.0,14830.98,15673.5,5.68
road_freight,EU,spring,2.2,189.88,13.32,354.11,349.08,-1.42
diesel,IN,summer,13.3,4545.47,0.0,12181.87,13221.01,8.53
electricity,IN,spring,8.0,25301.49,0.0,20747.22,23208.34,11.86
cotton,IN,winter,4.8,1620.7,0.0,9562.11,9603.38,0.43
diesel,GLOBAL,summer,0.2,7235.18,0.0,19390.28,20345.91,4.93
road_freight,US,winter,0.6,1903.78,21.22,5655.86,5692.82,0.65
diesel,IN,spring,3.1,9483.18,0.0,25414.93,24924.2,-1.93
electricity,IN,summer,10.3,16673.58,0.0,13672.33,16799.98,22.88
electricity,US,autumn,20.4,22316.58,0.0,18299.6,21958.46,19.99
road_freight,EU,spring,1.4,913.58,6.16,788.08,780.2,-1.0
diesel,EU,winter,5.8,866.37,0.0,2321.88,2408.07,3.71
electricity,US,spring,5.8,39182.37,0.0,32129.55,32242.4,0.35
road_freight,CN,autumn,6.7,1268.21,33.36,5923.08,5866.71,-0.95
cotton,IN,summer,7.5,1489.53,0.0,8788.25,8776.07,-0.14
diesel,US,spring,4.0,245.01,0.0,656.62,647.78,-1.35
road_freight,IN,summer,1.0,1724.4,21.59,5212.56,5145.78,-1.28
road_freight,IN,summer,15.8,455.28,2.08,132.37,143.42,8.35
cotton,IN,autumn,6.4,7265.19,0.0,42864.6,42614.68,-0.58
diesel,GLOBAL,spring,6.9,1983.26,0.0,5315.13,5031.27,-5.34
diesel,CN,autumn,0.9,1136.14,0.0,3044.85,3154.62,3.61
electricity,EU,autumn,3.3,22892.15,0.0,18771.57,17916.6,-4.55
electricity,IN,autumn,10.3,18026.2,0.0,14781.48,17516.1,18.5
road_freight,US,winter,1.5,184.0,2.58,66.54,67.1,0.85
diesel,IN,winter,1.1,6948.6,0.0,18622.24,19078.78,2.45
road_freight,GLOBAL,summer,1.5,372.93,31.27,1632.72,1603.25,-1.81
cotton,CN,autumn,6.0,3498.13,0.0,20638.95,20335.68,-1.47
electricity,IN,winter,0.6,22739.09,0.0,18646.05,22985.8,23.27
electricity,CN,spring,14.6,31842.34,0.0,26110.72,31651.07,21.22
road_freight,IN,autumn,9.4,1717.37,11.89,2857.62,2866.08,0.3
cotton,GLOBAL,summer,3.1,4808.74,0.0,28371.59,28317.98,-0.19
diesel,IN,spring,14.6,1855.78,0.0,4973.49,5452.44,9.63
road_freight,IN,autumn,4.2,1998.02,6.48,1812.5,1785.32,-1.5
cotton,GLOBAL,autumn,8.0,4221.69,0.0,24907.99,25234.06,1.31
diesel,IN,winter,2.5,9815.7,0.0,26306.06,28059.99,6.67
road_freight,IN,winter,14.2,387.45,3.79,205.77,230.08,11.82
road_freight,IN,winter,11.1,1142.42,25.38,4059.78,4320.17,6.41
road_freight,IN,winter,8.4,1275.08,6.22,1109.95,1078.8,-2.81
diesel,US,autumn,3.4,7984.27,0.0,21397.84,21695.58,1.39
electricity,CN,winter,7.5,12815.45,0.0,10508.67,12757.19,21.4
road_freight,IN,spring,1.4,1853.29,12.56,3258.96,3264.25,0.16
electricity,IN,winter,1.3,36009.95,0.0,29528.16,35300.28,19.55
diesel,EU,summer,0.1,5907.36,0.0,15831.72,16239.06,2.57
electricity,US,spring,8.3,37447.78,0.0,30707.18,30150.18,-1.81
electricity,IN,winter,10.6,21073.58,0.0,17280.33,21618.49,25.1
electricity,CN,winter,4.7,3118.92,0.0,2557.51,3105.45,21.42
cotton,EU,winter,3.9,3938.5,0.0,23237.13,23297.67,0.26
electricity,GLOBAL,spring,14.1,537.01,0.0,440.35,494.49,12.29
road_freight,IN,spring,1.7,2291.36,13.07,4192.23,4249.12,1.36
cotton,US,summer,6.1,7199.47,0.0,42476.9,41483.03,-2.34
cotton,US,spring,9.0,1841.72,0.0,10866.13,11002.48,1.25
diesel,IN,winter,16.3,9332.76,0.0,25011.8,29968.21,19.82
diesel,CN,summer,2.0,5899.5,0.0,15810.67,15514.47,-1.87
diesel,GLOBAL,autumn,19.7,9648.43,0.0,25857.8,30285.89,17.12
cotton,IN,winter,13.4,721.15,0.0,4254.79,4441.03,4.38
electricity,IN,autumn,1.5,26898.76,0.0,22056.99,25320.47,14.8
diesel,IN,winter,0.1,8805.99,0.0,23600.06,25967.91,10.03
cotton,IN,spring,1.9,7984.02,0.0,47105.73,46848.07,-0.55
cotton,EU,autumn,5.7,454.4,0.0,2680.95,2738.0,2.13
road_freight,IN,winter,5.9,378.36,5.82,308.29,307.81,-0.16
electricity,IN,autumn,13.7,45434.18,0.0,37256.03,45695.24,22.65
diesel,GLOBAL,autumn,10.1,2249.32,0.0,6028.18,6276.15,4.11
diesel,GLOBAL,winter,0.3,1584.1,0.0,4245.39,4588.79,8.09
electricity,US,spring,3.1,49151.58,0.0,40304.29,40491.83,0.47
electricity,EU,summer,16.2,33464.38,0.0,27440.8,32567.25,18.68
road_freight,IN,winter,14.0,1798.58,29.0,7301.94,7841.5,7.39
road_freight,IN,winter,1.0,1638.23,7.69,1763.43,1776.24,0.73
cotton,US,winter,0.5,5180.18,0.0,30563.07,30853.2,0.95
electricity,IN,spring,10.2,48957.89,0.0,40145.47,48278.65,20.26
electricity,US,spring,12.1,26283.67,0.0,21552.61,23311.19,8.16
electricity,IN,spring,11.6,5412.26,0.0,4438.06,5349.95,20.55
diesel,IN,summer,3.6,1108.73,0.0,2971.39,2973.22,0.06
cotton,GLOBAL,summer,1.6,5149.69,0.0,30383.2,30305.2,-0.26
diesel,EU,autumn,9.7,3912.55,0.0,10485.64,10642.15,1.49
electricity,US,spring,7.2,38063.97,0.0,31212.46,31150.9,-0.2
diesel,US,winter,1.3,4797.99,0.0,12858.61,13533.67,5.25
electricity,US,winter,4.1,23859.17,0.0,19564.52,20602.15,5.3
electricity,CN,summer,4.8,29601.17,0.0,24272.96,29191.8,20.26
cotton,GLOBAL,autumn,4.0,2738.96,0.0,16159.86,16242.08,0.51
diesel,IN,winter,0.7,7806.44,0.0,20921.26,22510.97,7.6
diesel,EU,summer,4.7,5561.95,0.0,14906.03,14531.55,-2.51
electricity,IN,spring,2.4,14266.55,0.0,11698.57,13333.87,13.98
electricity,EU,winter,7.4,1546.92,0.0,1268.47,1259.42,-0.71
electricity,EU,winter,7.7,47292.7,0.0,38780.01,39677.97,2.32
electricity,CN,spring,12.4,17950.2,0.0,14719.16,17994.04,22.25
road_freight,IN,summer,2.0,705.44,19.13,1889.69,1872.03,-0.93
diesel,US,summer,2.8,9240.53,0.0,24764.62,24601.26,-0.66
electricity,IN,spring,4.1,22951.85,0.0,18820.52,20918.38,11.15
diesel,IN,summer,9.7,7888.56,0.0,21141.34,21745.27,2.86
electricity,IN,autumn,5.3,33514.8,0.0,27482.14,31486.25,14.57
diesel,IN,autumn,0.6,4163.94,0.0,11159.35,11109.29,-0.45
cotton,US,spring,4.6,3823.44,0.0,22558.31,22703.3,0.64
diesel,IN,spring,5.9,9467.25,0.0,25372.23,25129.4,-0.96
electricity,US,winter,7.7,25515.01,0.0,20922.31,22164.11,5.94
road_freight,GLOBAL,autumn,10.9,429.23,11.94,717.42,757.07,5.53
diesel,IN,autumn,0.4,4555.64,0.0,12209.1,12285.14,0.62
road_freight,IN,autumn,5.9,183.55,29.6,760.69,739.66,-2.76
electricity,US,summer,12.8,28798.1,0.0,23614.45,27321.95,15.7
electricity,US,spring,21.1,1588.1,0.0,1302.24,1533.47,17.76
road_freight,EU,summer,0.6,679.23,5.05,480.51,480.3,-0.04
cotton,IN,spring,1.0,2023.2,0.0,11936.86,11930.08,-0.06
road_freight,IN,autumn,5.7,53.11,31.5,234.22,226.19,-3.43
road_freight,GLOBAL,summer,2.5,1035.54,3.69,535.02,536.7,0.31
electricity,IN,autumn,1.7,46617.13,0.0,38226.05,43349.1,13.4
electricity,US,spring,1.0,40023.45,0.0,32819.23,32485.02,-1.02
road_freight,IN,spring,2.9,165.7,7.82,181.47,181.64,0.1
electricity,IN,autumn,1.2,19245.82,0.0,15781.57,17289.02,9.55
road_freight,US,summer,3.3,1007.2,23.97,3380.3,3335.19,-1.33
road_freight,US,summer,5.6,458.63,28.31,1818.04,1793.3,-1.36
road_freight,IN,summer,13.3,753.55,12.82,1352.02,1453.35,7.49
diesel,GLOBAL,summer,10.9,2233.08,0.0,5984.66,6132.73,2.47
diesel,CN,summer,1.3,4674.19,0.0,12526.83,12430.28,-0.77
cotton,GLOBAL,spring,15.8,618.45,0.0,3648.83,4140.99,13.49
electricity,US,summer,9.0,31285.87,0.0,25654.41,28109.59,9.57
electricity,CN,autumn,8.6,35823.56,0.0,29375.32,33952.3,15.58
diesel,US,winter,0.6,5401.1,0.0,14474.96,15560.55,7.5
road_freight,GLOBAL,summer,2.3,2176.84,31.08,9472.26,9372.5,-1.05
electricity,IN,autumn,2.8,1376.84,0.0,1129.01,1263.06,11.87
electricity,US,autumn,2.7,26534.36,0.0,21758.17,21938.6,0.83
road_freight,IN,summer,4.0,1834.64,12.44,3195.97,3126.48,-2.17
electricity,IN,winter,0.2,31096.1,0.0,25498.8,30822.17,20.88
electricity,US,winter,3.3,22395.61,0.0,18364.4,19382.13,5.54
road_freight,CN,winter,0.2,1807.09,19.76,4998.42,5110.69,2.25
electricity,IN,summer,0.8,21014.49,0.0,17231.88,20798.61,20.7
road_freight,IN,autumn,6.3,2070.07,15.78,4574.46,4595.41,0.46
diesel,IN,summer,7.2,2755.68,0.0,7385.22,7342.74,-0.58
electricity,GLOBAL,spring,17.4,33843.69,0.0,27751.82,32494.19,17.09
diesel,US,winter,4.7,6331.29,0.0,16967.87,18592.83,9.58
road_freight,US,winter,10.6,1676.83,13.17,3090.83,3173.8,2.68
cotton,GLOBAL,summer,4.5,5773.0,0.0,34060.72,34471.8,1.21
diesel,IN,winter,4.5,375.63,0.0,1006.68,1089.42,8.22
diesel,US,spring,4.3,9919.13,0.0,26583.28,26977.88,1.48
electricity,US,autumn,8.3,34823.34,0.0,28555.14,28395.36,-0.56
cotton,IN,spring,11.3,3604.8,0.0,21268.33,22286.28,4.79
electricity,EU,spring,12.4,3458.23,0.0,2835.75,2898.63,2.22
cotton,IN,spring,3.2,2464.06,0.0,14537.97,14309.21,-1.57
diesel,IN,summer,1.3,4305.46,0.0,11538.64,11693.05,1.34
electricity,GLOBAL,spring,9.6,13836.19,0.0,11345.67,11825.9,4.23
diesel,EU,autumn,8.7,2756.04,0.0,7386.2,7207.65,-2.42
electricity,EU,summer,1.7,24795.11,0.0,20331.99,20409.42,0.38
road_freight,IN,spring,0.8,1347.36,10.87,2050.87,2022.74,-1.37
diesel,EU,summer,1.3,1525.63,0.0,4088.69,3948.88,-3.42
road_freight,IN,spring,3.4,834.73,31.92,3730.2,3688.64,-1.11
diesel,US,summer,1.6,6883.49,0.0,18447.76,19147.32,3.79
cotton,IN,spring,16.3,6154.18,0.0,36309.63,40746.34,12.22
road_freight,CN,spring,9.6,1390.3,23.45,4564.06,4730.2,3.64
electricity,EU,autumn,5.4,24383.41,0.0,19994.39,19340.92,-3.27
road_freight,IN,spring,0.7,707.84,18.25,1808.45,1797.09,-0.63
electricity,IN,summer,3.2,11276.14,0.0,9246.43,11153.86,20.63
cotton,IN,autumn,3.2,1247.28,0.0,7358.94,7439.76,1.1
road_freight,GLOBAL,autumn,0.1,257.68,28.65,1033.6,1034.2,0.06
road_freight,GLOBAL,summer,2.6,2311.76,8.82,2854.31,2931.29,2.7
diesel,US,spring,1.5,2196.8,0.0,5887.43,5971.27,1.42
road_freight,IN,winter,14.3,1837.94,26.27,6759.64,7368.5,9.01
cotton,IN,summer,15.6,171.88,0.0,1014.07,1116.85,10.14
diesel,IN,spring,4.2,707.3,0.0,1895.58,1927.28,1.67
cotton,US,winter,1.9,4009.13,0.0,23653.84,24341.56,2.91
diesel,US,summer,1.7,7461.66,0.0,19997.26,19671.02,-1.63
electricity,IN,summer,8.6,35794.21,0.0,29351.25,36136.24,23.12
electricity,IN,winter,2.0,44129.81,0.0,36186.45,45370.86,25.38
electricity,EU,autumn,2.6,35002.14,0.0,28701.76,27822.13,-3.06
electricity,IN,winter,8.3,27713.35,0.0,22724.94,27241.01,19.87
road_freight,GLOBAL,spring,15.2,713.17,14.23,1420.41,1567.75,10.37
electricity,CN,winter,14.6,43752.84,0.0,35877.33,45265.33,26.17
electricity,EU,winter,1.3,39630.42,0.0,32496.95,33201.61,2.17
electricity,IN,summer,5.7,24402.49,0.0,20010.04,24327.06,21.57
diesel,EU,summer,5.2,5381.45,0.0,14422.3,14361.42,-0.42
electricity,IN,summer,4.4,23998.7,0.0,19678.93,23911.25,21.51
cotton,EU,summer,12.2,6136.36,0.0,36204.5,38082.62,5.19
diesel,IN,spring,4.5,6661.58,0.0,17853.03,17295.8,-3.12
diesel,IN,spring,3.1,4902.22,0.0,13137.95,13616.31,3.64
electricity,CN,autumn,2.0,4019.98,0.0,3296.38,3840.54,16.51
electricity,CN,summer,6.6,26471.28,0.0,21706.45,25702.42,18.41
road_freight,IN,autumn,5.6,676.89,15.43,1462.55,1430.47,-2.19
road_freight,EU,autumn,1.9,1055.97,31.65,4679.54,4746.28,1.43
cotton,EU,spring,3.4,1664.22,0.0,9818.92,9419.5,-4.07
electricity,US,summer,1.7,16368.1,0.0,13421.84,13856.33,3.24
diesel,IN,spring,2.7,8102.74,0.0,21715.35,22264.89,2.53
electricity,IN,autumn,8.2,8023.02,0.0,6578.88,7455.29,13.32
diesel,IN,spring,12.4,512.28,0.0,1372.9,1470.67,7.12
road_freight,US,spring,4.9,1342.57,23.63,4441.38,4549.94,2.44
diesel,CN,summer,4.4,5342.77,0.0,14318.62,13859.59,-3.21
road_freight,IN,spring,9.4,583.56,24.34,1988.73,1998.34,0.48
road_freight,US,autumn,7.6,929.23,22.13,2879.12,2791.68,-3.04
diesel,IN,summer,2.2,4647.53,0.0,12455.37,12227.95,-1.83
road_freight,GLOBAL,winter,1.7,606.94,13.19,1121.18,1056.26,-5.79
diesel,IN,summer,3.2,984.47,0.0,2638.37,2633.88,-0.17
electricity,IN,winter,5.4,44398.62,0.0,36406.87,44641.05,22.62
diesel,US,spring,2.5,988.04,0.0,2647.94,2673.8,0.98
cotton,CN,autumn,0.0,187.01,0.0,1103.33,1078.22,-2.28
road_freight,EU,winter,0.0,633.41,32.97,2923.57,2907.49,-0.55
diesel,IN,autumn,6.1,8549.31,0.0,22912.15,23165.08,1.1
electricity,EU,summer,3.1,14726.43,0.0,12075.67,12158.46,0.69
electricity,IN,summer,1.1,48163.14,0.0,39493.77,47060.22,19.16
cotton,US,winter,2.0,1362.02,0.0,8035.92,7967.89,-0.85
diesel,IN,winter,4.7,5641.98,0.0,15120.5,17056.84,12.81
electricity,IN,winter,12.2,31987.23,0.0,26229.53,33898.2,29.24
diesel,IN,autumn,1.0,248.72,0.0,666.58,677.24,1.6
diesel,IN,winter,4.2,3227.76,0.0,8650.41,9048.43,4.6
road_freight,CN,winter,17.0,2161.61,20.62,6240.54,6866.75,10.03
diesel,IN,winter,3.8,2927.24,0.0,7845.0,8326.4,6.14
cotton,IN,summer,1.0,879.61,0.0,5189.72,5382.56,3.72
electricity,US,autumn,9.6,37104.0,0.0,30425.28,31882.74,4.79
electricity,IN,summer,1.2,5438.3,0.0,4459.4,5365.25,20.31
road_freight,US,winter,1.6,2334.63,30.36,9924.31,9841.13,-0.84
road_freight,US,spring,16.1,1937.06,26.67,7233.71,7962.72,10.08
cotton,IN,spring,0.6,4141.05,0.0,24432.21,24456.64,0.1
cotton,GLOBAL,spring,3.0,938.13,0.0,5534.94,5400.26,-2.43
electricity,US,spring,0.8,4727.72,0.0,3876.73,3952.87,1.96
cotton,IN,spring,2.2,4109.32,0.0,24245.0,24761.02,2.13
electricity,IN,summer,9.1,1460.36,0.0,1197.5,1450.03,21.09
electricity,US,spring,29.0,31642.77,0.0,25947.07,31770.03,22.44
cotton,CN,spring,4.6,2496.58,0.0,14729.81,14551.32,-1.21
electricity,IN,autumn,1.0,13566.79,0.0,11124.77,13042.25,17.24
electricity,IN,summer,3.4,10045.56,0.0,8237.36,9801.84,18.99
diesel,EU,autumn,0.2,196.82,0.0,527.47,528.17,0.13
cotton,IN,spring,1.4,2929.93,0.0,17286.59,17011.58,-1.59
diesel,US,winter,4.3,4822.78,0.0,12925.04,14088.79,9.0
electricity,IN,autumn,0.0,16342.95,0.0,13401.22,15453.46,15.31
electricity,IN,summer,11.7,31629.22,0.0,25935.96,32979.09,27.16
electricity,IN,spring,11.4,24411.78,0.0,20017.66,24158.28,20.68
electricity,GLOBAL,summer,15.7,32598.52,0.0,26730.78,32155.31,20.29
road_freight,US,spring,3.2,2339.31,3.6,1178.79,1163.56,-1.29
diesel,US,autumn,4.8,6596.17,0.0,17677.74,17156.61,-2.95
road_freight,CN,spring,0.6,1096.43,6.25,959.2,943.94,-1.59
cotton,US,spring,5.1,3123.56,0.0,18429.01,18134.57,-1.6
electricity,US,autumn,0.3,28532.98,0.0,23397.05,23891.72,2.11
road_freight,IN,winter,7.4,2434.75,28.09,9574.46,9635.57,0.64
diesel,US,autumn,2.7,5453.58,0.0,14615.59,14556.87,-0.4
road_freight,EU,summer,4.3,831.66,33.98,3955.89,4093.57,3.48
cotton,CN,summer,3.8,1671.55,0.0,9862.12,9721.86,-1.42
road_freight,IN,autumn,11.4,766.66,7.53,807.84,824.25,2.03
diesel,EU,spring,4.6,9354.74,0.0,25070.7,24442.26,-2.51
road_freight,CN,summer,12.6,148.69,28.56,594.51,647.26,8.87
road_freight,IN,summer,0.5,2324.84,21.13,6877.78,6827.37,-0.73
road_freight,GLOBAL,winter,10.3,629.04,23.82,2098.12,2103.72,0.27
road_freight,IN,summer,4.6,50.59,9.96,70.55,68.69,-2.64
diesel,IN,spring,1.1,6105.95,0.0,16363.94,16609.49,1.5
electricity,CN,winter,5.6,24920.41,0.0,20434.74,24583.11,20.3
diesel,GLOBAL,winter,0.0,193.26,0.0,517.93,553.06,6.78
road_freight,US,summer,10.9,699.17,16.8,1644.92,1740.96,5.84
electricity,EU,autumn,5.4,25535.76,0.0,20939.32,19779.24,-5.54
road_freight,EU,winter,4.0,2201.72,19.4,5979.69,5918.09,-1.03
cotton,US,spring,3.7,7113.92,0.0,41972.13,43796.83,4.35
electricity,US,summer,4.4,34016.14,0.0,27893.24,28593.55,2.51
road_freight,IN,summer,2.5,1000.84,10.0,1400.57,1401.73,0.08
diesel,IN,spring,0.5,5086.55,0.0,13631.95,13851.4,1.61
diesel,US,autumn,12.4,5753.82,0.0,15420.24,16142.3,4.68
electricity,IN,winter,6.4,31119.96,0.0,25518.37,29947.25,17.36
electricity,IN,autumn,3.9,37922.21,0.0,31096.21,35089.26,12.84
electricity,IN,winter,0.3,12213.34,0.0,10014.94,12206.11,21.88
cotton,IN,winter,30.0,7969.69,0.0,47021.19,58220.18,23.82
electricity,EU,spring,12.8,21087.73,0.0,17291.94,17161.14,-0.76
road_freight,GLOBAL,spring,7.0,438.21,27.99,1717.37,1679.43,-2.21
diesel,EU,summer,14.3,1312.57,0.0,3517.68,3764.27,7.01
electricity,CN,spring,0.5,38399.79,0.0,31487.83,35872.07,13.92
diesel,EU,spring,3.7,6745.91,0.0,18079.05,17800.12,-1.54
diesel,US,spring,15.0,2054.74,0.0,5506.71,6157.92,11.83
electricity,US,spring,16.3,36138.0,0.0,29633.16,34008.55,14.77
road_freight,IN,winter,0.5,800.18,23.64,2647.8,2605.58,-1.59
road_freight,US,summer,4.4,1181.43,12.38,2047.04,2008.26,-1.89
electricity,EU,spring,12.0,25228.54,0.0,20687.4,21533.32,4.09
road_freight,IN,spring,1.8,642.32,17.94,1613.21,1576.6,-2.27
cotton,IN,summer,2.6,897.49,0.0,5295.17,5306.19,0.21
electricity,IN,winter,1.6,20773.27,0.0,17034.08,20888.83,22.63
road_freight,EU,spring,3.9,1204.85,7.8,1315.84,1304.36,-0.87
cotton,IN,spring,4.2,1493.65,0.0,8812.56,8701.24,-1.26
road_freight,US,winter,1.5,1190.49,10.75,1791.34,1819.49,1.57
cotton,IN,winter,16.3,1550.28,0.0,9146.65,10534.18,15.17
electricity,IN,summer,3.3,47205.88,0.0,38708.82,46240.45,19.46
diesel,IN,summer,14.6,9466.15,0.0,25369.28,27978.62,10.29
diesel,IN,winter,20.6,2626.3,0.0,7038.49,8957.34,27.26
electricity,IN,summer,0.1,22398.49,0.0,18366.76,22455.13,22.26
diesel,US,summer,2.8,1513.96,0.0,4057.41,3986.99,-1.74
road_freight,GLOBAL,spring,14.2,343.41,19.55,940.1,1036.5,10.25
electricity,IN,summer,3.9,27000.86,0.0,22140.7,26344.77,18.99
electricity,CN,spring,14.1,16372.81,0.0,13425.7,16271.98,21.2
electricity,IN,summer,24.5,46286.36,0.0,37954.81,54412.6,43.36
road_freight,IN,spring,9.8,244.16,8.32,284.37,298.36,4.92
electricity,US,summer,13.6,6744.58,0.0,5530.55,6234.16,12.72
road_freight,GLOBAL,winter,5.1,181.26,6.64,168.41,174.78,3.78
road_freight,IN,spring,11.7,2322.8,33.34,10843.33,11009.51,1.53
cotton,US,winter,4.1,1369.64,0.0,8080.85,8190.85,1.36
cotton,IN,autumn,2.6,7733.18,0.0,45625.78,46095.05,1.03
electricity,IN,winter,0.2,45729.51,0.0,37498.2,46639.76,24.38
road_freight,IN,autumn,3.1,421.07,16.58,977.45,962.67,-1.51
diesel,EU,autumn,0.2,6583.58,0.0,17644.0,17950.04,1.73
electricity,GLOBAL,spring,1.6,30580.95,0.0,25076.38,24413.85,-2.64
road_freight,EU,winter,8.0,513.39,20.93,1503.99,1491.65,-0.82
diesel,CN,winter,0.3,899.01,0.0,2409.36,2664.25,10.58
electricity,IN,summer,1.9,23020.06,0.0,18876.45,22665.15,20.07
electricity,EU,summer,4.9,32465.08,0.0,26621.37,26109.77,-1.92
road_freight,EU,summer,7.3,1161.92,19.84,3227.39,3261.62,1.06
road_freight,US,spring,1.0,2146.33,18.98,5704.45,5740.65,0.63
electricity,IN,spring,5.6,6487.55,0.0,5319.79,5995.98,12.71
diesel,US,autumn,1.7,6866.0,0.0,18400.88,18408.25,0.04
road_freight,CN,spring,7.0,847.27,5.13,608.08,632.41,4.0
cotton,IN,autumn,7.7,732.71,0.0,4322.97,4353.3,0.7
electricity,EU,autumn,1.1,44804.18,0.0,36739.42,33620.52,-8.49
road_freight,IN,spring,5.9,418.83,17.48,1024.87,1079.33,5.31
electricity,US,autumn,1.2,30057.27,0.0,24646.96,24715.08,0.28
electricity,IN,autumn,4.4,15589.49,0.0,12783.38,14775.95,15.59
electricity,IN,autumn,7.5,10213.6,0.0,8375.15,9616.3,14.82
road_freight,IN,winter,1.0,1408.04,19.4,3823.42,3849.27,0.68
diesel,IN,spring,1.4,328.17,0.0,879.49,890.85,1.29
cotton,IN,winter,0.0,377.88,0.0,2229.49,2234.26,0.21
electricity,EU,winter,2.5,35543.42,0.0,29145.6,29821.86,2.32
electricity,IN,winter,10.8,10157.89,0.0,8329.47,10489.73,25.94
road_freight,US,winter,30.0,1539.02,15.36,3308.49,4199.59,26.93
diesel,IN,winter,11.2,6148.5,0.0,16477.98,18941.64,14.95
road_freight,CN,summer,2.4,2053.87,3.27,939.11,942.24,0.33
cotton,US,spring,7.2,6845.54,0.0,40388.69,40500.33,0.28
diesel,IN,autumn,0.9,4450.71,0.0,11927.9,11659.39,-2.25
electricity,IN,winter,12.6,40750.92,0.0,33415.76,42479.64,27.12
electricity,IN,winter,0.5,42590.73,0.0,34924.4,42973.96,23.05
diesel,EU,autumn,4.2,9718.01,0.0,26044.27,26501.93,1.76
diesel,EU,summer,2.4,6106.22,0.0,16364.68,16144.61,-1.34
cotton,CN,winter,4.1,7696.66,0.0,45410.27,45348.49,-0.14
electricity,US,winter,9.3,3290.9,0.0,2698.54,3050.84,13.06
electricity,US,summer,19.2,46588.97,0.0,38202.95,47425.2,24.14
electricity,CN,spring,1.8,4690.11,0.0,3845.89,4452.46,15.77
diesel,IN,summer,3.7,4974.34,0.0,13331.23,13433.52,0.77
electricity,CN,summer,5.4,49466.23,0.0,40562.31,48982.21,20.76
diesel,IN,autumn,1.6,9423.98,0.0,25256.28,24816.05,-1.74
electricity,US,autumn,3.8,31714.14,0.0,26005.6,26124.73,0.46
electricity,IN,winter,1.6,28894.58,0.0,23693.55,28220.49,19.11
electricity,IN,summer,15.1,3230.25,0.0,2648.81,3529.12,33.23
road_freight,IN,summer,18.1,1574.68,25.32,5582.29,6351.03,13.77
diesel,GLOBAL,summer,14.9,7084.42,0.0,18986.24,20323.03,7.04
road_freight,IN,winter,6.8,1778.87,18.14,4518.75,4400.3,-2.62
road_freight,US,autumn,1.3,2108.0,25.92,7650.12,7565.66,-1.1
cotton,IN,summer,10.0,3057.02,0.0,18036.4,18847.33,4.5
electricity,IN,spring,5.2,45249.73,0.0,37104.78,41650.47,12.25
electricity,EU,autumn,8.9,44103.63,0.0,36164.98,34765.69,-3.87
electricity,CN,autumn,3.0,12641.33,0.0,10365.89,12077.46,16.51
electricity,IN,winter,15.6,48100.75,0.0,39442.61,53095.09,34.61
diesel,EU,winter,4.3,6541.0,0.0,17529.89,18578.58,5.98
cotton,IN,spring,0.7,4657.38,0.0,27478.53,27497.42,0.07
cotton,CN,summer,0.3,2680.31,0.0,15813.85,15631.18,-1.16
road_freight,IN,spring,13.5,2437.16,3.53,1203.3,1273.32,5.82
road_freight,US,spring,1.3,832.99,21.53,2510.77,2480.79,-1.19
diesel,IN,spring,5.1,8137.9,0.0,21809.57,21582.49,-1.04
diesel,EU,winter,6.2,479.78,0.0,1285.81,1401.97,9.03
road_freight,EU,winter,2.3,1694.49,3.04,720.63,731.6,1.52
electricity,EU,autumn,4.9,44200.41,0.0,36244.33,34441.76,-4.97
electricity,US,spring,16.3,26375.17,0.0,21627.64,23889.18,10.46
cotton,IN,autumn,5.7,3911.15,0.0,23075.76,22654.25,-1.83
diesel,EU,summer,1.1,6246.11,0.0,16739.56,16918.22,1.07
road_freight,IN,summer,5.4,2343.19,24.38,7997.12,8265.97,3.36
electricity,EU,autumn,1.8,35707.66,0.0,29280.28,28582.74,-2.38
road_freight,IN,spring,8.6,1366.58,29.75,5691.02,5807.24,2.04
diesel,IN,autumn,2.0,5860.47,0.0,15706.05,15456.86,-1.59
road_freight,IN,autumn,16.0,63.11,26.69,235.81,266.25,12.91
cotton,IN,autumn,3.3,5689.53,0.0,33568.23,34493.65,2.76
diesel,GLOBAL,winter,10.0,966.99,0.0,2591.53,2866.69,10.62
road_freight,GLOBAL,summer,7.8,1470.59,7.36,1515.92,1490.9,-1.65
road_freight,GLOBAL,spring,5.5,469.62,26.47,1740.58,1754.24,0.78
electricity,EU,winter,3.5,40860.05,0.0,33505.24,34208.63,2.1
electricity,EU,winter,12.8,44645.1,0.0,36608.98,40711.2,11.21
diesel,US,autumn,5.2,9368.78,0.0,25108.33,25847.84,2.95
road_freight,US,summer,4.2,1786.48,10.22,2554.87,2562.15,0.28
electricity,IN,summer,8.3,31712.68,0.0,26004.4,31118.32,19.67
cotton,US,autumn,12.7,202.78,0.0,1196.41,1318.26,10.18
cotton,US,summer,11.5,4052.35,0.0,23908.88,24695.46,3.29
electricity,GLOBAL,spring,6.3,36492.99,0.0,29924.26,30881.25,3.2
diesel,GLOBAL,summer,6.9,1947.13,0.0,5218.3,5305.5,1.67
electricity,EU,summer,0.7,5796.07,0.0,4752.78,4691.85,-1.28
road_freight,CN,autumn,11.2,636.1,15.7,1398.32,1453.78,3.97
electricity,IN,summer,1.8,47056.6,0.0,38586.41,48141.52,24.76
cotton,US,autumn,18.4,4373.79,0.0,25805.37,30058.34,16.48
cotton,GLOBAL,summer,2.5,4529.49,0.0,26723.97,27653.78,3.48
diesel,IN,spring,10.1,454.09,0.0,1216.95,1305.5,7.28
diesel,GLOBAL,autumn,2.9,8704.08,0.0,23326.94,23496.02,0.72
electricity,IN,summer,0.8,34171.77,0.0,28020.85,33369.56,19.09
cotton,IN,winter,0.1,2495.43,0.0,14723.06,14892.35,1.15
road_freight,EU,autumn,4.3,381.34,20.84,1112.75,1151.2,3.46
cotton,IN,summer,1.3,172.69,0.0,1018.85,998.76,-1.97
road_freight,IN,autumn,1.2,1103.64,34.49,5328.49,5412.59,1.58
road_freight,EU,autumn,13.4,1362.03,19.94,3801.98,3985.82,4.84
road_freight,IN,autumn,3.0,1069.17,26.64,3987.61,3989.86,0.06
electricity,US,summer,1.4,20007.14,0.0,16405.86,17091.54,4.18
electricity,IN,autumn,10.5,14124.19,0.0,11581.83,13681.51,18.13
electricity,CN,spring,4.0,13255.93,0.0,10869.87,12299.44,13.15
cotton,US,summer,9.1,6096.07,0.0,35966.79,36139.95,0.48
electricity,IN,summer,3.0,24864.7,0.0,20389.05,24455.25,19.94
cotton,IN,summer,3.4,5469.83,0.0,32272.02,33154.32,2.73
electricity,US,winter,3.2,32567.93,0.0,26705.71,29138.11,9.11
road_freight,IN,autumn,2.3,819.57,22.9,2628.03,2642.14,0.54
diesel,IN,autumn,8.8,6007.56,0.0,16100.25,16028.17,-0.45
electricity,IN,summer,0.7,17893.26,0.0,14672.47,17631.65,20.17
road_freight,IN,winter,2.9,395.13,22.62,1251.47,1236.43,-1.2
road_freight,GLOBAL,winter,2.5,469.93,4.61,303.05,309.18,2.02
road_freight,GLOBAL,summer,10.7,418.26,3.27,191.69,202.05,5.4
cotton,IN,autumn,24.1,7193.4,0.0,42441.03,53427.47,25.89
cotton,IN,spring,6.1,1376.94,0.0,8123.93,8385.04,3.21
cotton,US,winter,2.6,3345.39,0.0,19737.81,19920.88,0.93
road_freight,IN,autumn,3.5,1965.9,27.87,7670.69,7858.41,2.45
electricity,EU,winter,0.9,34499.89,0.0,28289.91,28969.66,2.4
electricity,GLOBAL,summer,1.4,23038.77,0.0,18891.79,20314.95,7.53
cotton,IN,spring,2.2,2828.22,0.0,16686.48,16469.98,-1.3
road_freight,IN,summer,0.2,2106.55,16.79,4951.55,4937.55,-0.28
road_freight,IN,spring,3.1,786.2,28.51,3137.77,3196.62,1.88
diesel,IN,autumn,9.7,4164.0,0.0,11159.51,11229.59,0.63
diesel,IN,winter,0.1,7787.92,0.0,20871.62,21890.91,4.88
road_freight,CN,winter,0.6,714.88,30.22,3024.39,3110.22,2.84
electricity,GLOBAL,winter,3.7,47136.82,0.0,38652.19,42342.63,9.55
electricity,US,autumn,0.9,6801.94,0.0,5577.59,5646.51,1.24
diesel,GLOBAL,autumn,6.3,7760.63,0.0,20798.48,20339.5,-2.21
road_freight,IN,summer,6.0,679.94,33.31,3170.41,3139.13,-0.99
diesel,GLOBAL,winter,0.1,2457.04,0.0,6584.88,7044.26,6.98
diesel,IN,winter,7.9,6890.18,0.0,18465.67,20151.19,9.13
road_freight,IN,spring,7.9,1355.55,32.72,6210.22,6192.8,-0.28
road_freight,EU,winter,6.9,1668.78,33.37,7796.22,7867.5,0.91
road_freight,IN,autumn,1.6,962.88,9.6,1294.29,1266.34,-2.16
electricity,GLOBAL,spring,1.3,22317.37,0.0,18300.24,18366.2,0.36
electricity,CN,spring,8.6,19614.72,0.0,16084.07,18464.22,14.8
diesel,US,spring,4.2,3121.62,0.0,8365.95,8451.14,1.02
cotton,EU,spring,2.4,5948.39,0.0,35095.53,35743.86,1.85
electricity,EU,summer,5.9,6337.96,0.0,5197.13,5142.12,-1.06
road_freight,IN,autumn,0.7,692.65,29.68,2878.41,2879.68,0.04
electricity,US,spring,2.8,34232.3,0.0,28070.49,27782.51,-1.03
diesel,IN,winter,7.0,4101.07,0.0,10990.87,11820.71,7.55
electricity,IN,spring,18.1,1599.04,0.0,1311.21,1719.39,31.13
electricity,GLOBAL,summer,2.7,12459.32,0.0,10216.64,10616.33,3.91
cotton,IN,summer,1.2,5724.86,0.0,33776.69,34177.17,1.19
electricity,IN,autumn,5.1,24264.46,0.0,19896.86,23398.74,17.6
cotton,IN,spring,0.3,5515.76,0.0,32542.96,32497.6,-0.14
electricity,IN,autumn,6.3,10345.14,0.0,8483.01,9795.54,15.47
cotton,GLOBAL,winter,7.9,418.57,0.0,2469.56,2410.3,-2.4
diesel,IN,winter,0.0,2315.8,0.0,6206.34,6523.8,5.12
electricity,IN,summer,12.4,20052.02,0.0,16442.66,20854.2,26.83
electricity,IN,winter,2.6,38007.88,0.0,31166.46,39098.65,25.45
electricity,EU,summer,3.1,46878.99,0.0,38440.77,39019.15,1.5
electricity,EU,spring,3.4,47368.71,0.0,38842.34,37336.89,-3.88
road_freight,GLOBAL,autumn,0.1,1416.63,14.52,2880.18,2874.89,-0.18
electricity,US,spring,23.1,36466.92,0.0,29902.87,36369.25,21.62
electricity,IN,winter,2.7,6727.22,0.0,5516.32,6656.0,20.66
electricity,US,summer,2.3,26574.58,0.0,21791.16,22782.66,4.55
electricity,IN,spring,9.4,31641.32,0.0,25945.88,29969.39,15.51
diesel,EU,spring,6.5,7331.1,0.0,19647.34,20396.35,3.81
electricity,EU,summer,14.7,39991.22,0.0,32792.8,35754.42,9.03
cotton,GLOBAL,spring,1.4,2052.92,0.0,12112.23,12056.85,-0.46
electricity,IN,spring,1.2,38040.98,0.0,31193.61,35437.61,13.61
diesel,CN,summer,5.4,6087.54,0.0,16314.6,16755.34,2.7
diesel,CN,summer,0.4,5930.47,0.0,15893.65,15866.62,-0.17
electricity,EU,summer,0.2,7484.93,0.0,6137.64,5992.52,-2.36
diesel,IN,summer,2.4,5919.17,0.0,15863.39,15990.63,0.8
road_freight,IN,spring,6.7,2248.95,16.76,5275.76,5427.13,2.87
diesel,US,autumn,11.0,6215.18,0.0,16656.67,17312.75,3.94
road_freight,IN,winter,0.1,1224.57,18.95,3249.16,3216.89,-0.99
electricity,EU,summer,2.5,21213.25,0.0,17394.87,17275.28,-0.69
electricity,US,spring,6.1,43082.54,0.0,35327.68,34831.5,-1.4
diesel,IN,autumn,0.8,6992.59,0.0,18740.15,18666.07,-0.4
diesel,IN,spring,1.4,6757.97,0.0,18111.36,18296.23,1.02
cotton,IN,spring,5.8,6444.3,0.0,38021.36,39373.57,3.56
electricity,EU,summer,2.0,8914.5,0.0,7309.89,7464.65,2.12
electricity,IN,winter,1.2,23654.03,0.0,19396.31,23037.14,18.77
cotton,EU,summer,7.9,6988.68,0.0,41233.23,41116.08,-0.28
cotton,CN,spring,4.8,1658.78,0.0,9786.8,9611.36,-1.79
electricity,IN,winter,3.8,26626.46,0.0,21833.7,27273.75,24.92
road_freight,GLOBAL,winter,5.8,327.09,7.16,327.83,333.75,1.8
electricity,IN,summer,4.6,23706.54,0.0,19439.36,22924.17,17.93
electricity,IN,summer,4.3,8948.53,0.0,7337.8,8664.43,18.08
road_freight,CN,spring,5.0,1693.53,25.2,5975.26,5943.99,-0.52
cotton,EU,autumn,19.2,5753.73,0.0,33947.04,38399.91,13.12
road_freight,EU,spring,2.7,724.87,28.64,2906.24,2822.5,-2.88
road_freight,CN,spring,3.6,562.76,2.12,167.24,163.74,-2.09
diesel,US,spring,4.4,3506.35,0.0,9397.01,9334.2,-0.67
diesel,EU,autumn,5.1,2611.06,0.0,6997.64,7097.39,1.43
diesel,IN,summer,9.2,2756.56,0.0,7387.59,7514.82,1.72
electricity,IN,autumn,0.1,32215.16,0.0,26416.43,29193.46,10.51
electricity,IN,winter,0.3,27374.86,0.0,22447.38,27638.38,23.13
electricity,GLOBAL,autumn,0.7,39390.5,0.0,32300.21,31305.77,-3.08
road_freight,IN,summer,7.9,2299.13,32.09,10329.63,10164.13,-1.6
road_freight,IN,winter,19.7,2258.64,10.92,3453.85,4101.19,18.74
road_freight,GLOBAL,spring,0.6,806.68,22.17,2504.3,2551.47,1.88
electricity,EU,summer,18.8,649.53,0.0,532.62,631.21,18.51
diesel,GLOBAL,summer,2.3,452.26,0.0,1212.07,1221.41,0.77
diesel,GLOBAL,autumn,10.0,1436.88,0.0,3850.83,3924.02,1.9
electricity,GLOBAL,summer,2.0,16987.81,0.0,13930.01,14463.66,3.83
diesel,CN,summer,2.2,2878.29,0.0,7713.82,7679.75,-0.44
cotton,IN,summer,9.3,1019.15,0.0,6013.0,6163.19,2.5
cotton,CN,summer,7.5,5535.44,0.0,32659.1,32602.44,-0.17
electricity,IN,winter,4.0,13543.6,0.0,11105.76,13321.21,19.95
electricity,EU,winter,3.3,27102.14,0.0,22223.75,22474.21,1.13
diesel,IN,autumn,3.0,6256.95,0.0,16768.63,16284.63,-2.89
electricity,IN,autumn,0.9,44434.37,0.0,36436.19,40298.76,10.6
electricity,CN,autumn,10.2,6815.04,0.0,5588.33,6585.19,17.84
electricity,CN,summer,2.8,19712.01,0.0,16163.85,19737.14,22.11
diesel,GLOBAL,winter,2.7,752.35,0.0,2016.3,2098.05,4.05
electricity,IN,winter,1.1,44922.24,0.0,36836.24,45578.94,23.73
road_freight,CN,summer,2.1,244.01,18.1,618.25,605.76,-2.02
cotton,IN,spring,2.0,2221.78,0.0,13108.5,12943.63,-1.26
cotton,IN,summer,2.4,5308.69,0.0,31321.28,30718.0,-1.93
diesel,IN,autumn,1.5,4689.12,0.0,12566.85,12391.36,-1.4
electricity,CN,winter,9.6,27127.02,0.0,22244.15,27301.52,22.74
road_freight,US,winter,8.1,1379.96,19.48,3763.1,3735.08,-0.74
electricity,US,summer,0.0,25105.92,0.0,20586.86,22110.35,7.4
cotton,US,spring,7.0,2073.95,0.0,12236.32,12370.33,1.1
road_freight,CN,summer,2.4,1087.67,20.86,3177.05,3163.29,-0.43
cotton,EU,winter,0.1,1372.69,0.0,8098.87,8232.86,1.65
cotton,IN,winter,25.6,5127.79,0.0,30253.94,38082.85,25.88
electricity,IN,autumn,7.0,33873.87,0.0,27776.57,31936.91,14.98
diesel,IN,autumn,23.0,8119.18,0.0,21759.39,26941.54,23.82
electricity,CN,spring,10.5,21537.62,0.0,17660.85,20832.4,17.96
electricity,IN,winter,4.1,15647.05,0.0,12830.58,15691.78,22.3
electricity,EU,autumn,3.2,11775.03,0.0,9655.52,9215.8,-4.55
electricity,IN,winter,3.9,44901.21,0.0,36818.99,45303.52,23.04
electricity,GLOBAL,summer,0.2,25149.83,0.0,20622.86,21810.27,5.76
electricity,US,spring,1.1,32861.34,0.0,26946.3,26982.96,0.14
electricity,IN,summer,2.4,7612.54,0.0,6242.28,7300.33,16.95
road_freight,US,winter,14.1,2497.3,34.58,12089.27,13130.68,8.61
road_freight,IN,spring,0.5,596.23,8.21,684.96,697.72,1.86
electricity,EU,autumn,0.1,15011.22,0.0,12309.2,11294.63,-8.24
electricity,US,spring,1.6,13500.36,0.0,11070.3,10553.53,-4.67
electricity,EU,summer,6.7,11124.58,0.0,9122.15,9140.43,0.2
road_freight,CN,summer,13.2,2120.8,19.34,5742.06,6450.05,12.33
road_freight,CN,winter,10.4,1722.68,25.13,6059.54,6294.74,3.88
road_freight,US,winter,1.5,922.12,11.38,1468.54,1470.52,0.13
diesel,EU,autumn,4.3,9776.51,0.0,26201.04,26117.1,-0.32
electricity,IN,winter,5.4,30168.5,0.0,24738.17,29285.42,18.38
electricity,IN,spring,7.9,2023.37,0.0,1659.16,1936.68,16.73
electricity,GLOBAL,summer,5.6,10225.89,0.0,8385.23,8991.37,7.23
electricity,IN,summer,2.7,11061.47,0.0,9070.41,11144.55,22.87
electricity,EU,spring,6.7,26396.33,0.0,21644.99,20048.57,-7.38
cotton,IN,spring,0.4,307.75,0.0,1815.74,1825.47,0.54
cotton,CN,summer,4.9,3350.15,0.0,19765.86,19100.71,-3.37
cotton,IN,spring,0.7,2300.69,0.0,13574.05,13393.51,-1.33
road_freight,IN,winter,6.5,1437.79,17.57,3536.26,3622.13,2.43
electricity,EU,winter,0.7,17405.54,0.0,14272.54,14561.06,2.02
road_freight,IN,autumn,3.1,385.57,18.72,1010.68,1021.62,1.08
diesel,US,summer,4.1,3456.04,0.0,9262.19,9293.62,0.34
road_freight,IN,spring,8.8,149.25,6.06,126.54,125.08,-1.15
diesel,IN,summer,0.2,6240.86,0.0,16725.5,16556.84,-1.01
road_freight,IN,autumn,2.5,255.49,34.76,1243.41,1237.17,-0.5
diesel,IN,spring,0.9,4225.28,0.0,11323.75,11478.89,1.37
road_freight,US,summer,3.2,1815.02,18.88,4797.64,4577.72,-4.58
cotton,IN,summer,2.1,6406.36,0.0,37797.5,37329.85,-1.24
electricity,US,winter,12.5,1442.65,0.0,1182.97,1386.23,17.18
road_freight,GLOBAL,spring,29.2,1648.9,4.02,928.66,1152.51,24.1
diesel,GLOBAL,spring,0.8,2221.29,0.0,5953.06,6359.56,6.83
diesel,US,winter,3.6,2463.78,0.0,6602.94,7192.4,8.93
road_freight,EU,winter,3.2,1435.62,23.42,4707.03,4758.62,1.1
electricity,GLOBAL,winter,1.5,5372.52,0.0,4405.46,4768.33,8.24
diesel,EU,summer,2.8,2221.57,0.0,5953.81,6051.47,1.64
electricity,IN,winter,14.7,27547.84,0.0,22589.23,29790.27,31.88
electricity,IN,spring,10.7,49033.3,0.0,40207.31,46918.86,16.69
electricity,IN,winter,4.2,3068.16,0.0,2515.89,3071.54,22.09
electricity,IN,spring,9.1,37894.14,0.0,31073.2,36367.01,17.04
road_freight,US,spring,7.0,323.38,6.88,311.28,302.98,-2.67
diesel,CN,autumn,0.5,4880.65,0.0,13080.16,12997.74,-0.63
electricity,CN,winter,8.0,5968.94,0.0,4894.53,5983.09,22.24
road_freight,US,summer,5.4,1504.35,7.42,1562.32,1566.32,0.26
diesel,GLOBAL,autumn,3.3,7298.33,0.0,19559.54,19494.7,-0.33
diesel,EU,autumn,13.4,3953.74,0.0,10596.02,11413.67,7.72
electricity,US,autumn,0.7,16062.06,0.0,13170.89,13011.49,-1.21
diesel,CN,winter,1.7,5811.9,0.0,15575.88,17071.95,9.61
electricity,CN,autumn,8.6,38786.96,0.0,31805.31,35638.42,12.05
electricity,EU,summer,4.4,22801.56,0.0,18697.28,18813.4,0.62
diesel,US,winter,9.8,5362.85,0.0,14372.43,15814.9,10.04
electricity,EU,summer,1.9,4442.43,0.0,3642.8,3548.74,-2.58
electricity,US,autumn,6.2,34524.94,0.0,28310.45,27526.27,-2.77
road_freight,EU,spring,4.8,77.9,24.98,272.5,268.45,-1.49
electricity,GLOBAL,spring,4.3,23203.57,0.0,19026.93,19553.81,2.77
electricity,US,summer,4.3,8685.84,0.0,7122.39,7705.83,8.19
cotton,IN,spring,0.3,425.7,0.0,2511.63,2553.25,1.66
cotton,US,autumn,2.1,4668.02,0.0,27541.29,26941.75,-2.18
electricity,US,spring,15.7,23185.02,0.0,19011.72,21464.94,12.9
diesel,EU,spring,10.1,484.85,0.0,1299.4,1345.93,3.58
road_freight,IN,summer,0.7,1357.13,5.34,1014.92,1015.37,0.04
road_freight,IN,autumn,3.3,903.17,25.44,3216.32,3286.06,2.17
electricity,CN,autumn,4.4,19892.7,0.0,16312.02,19153.35,17.42
road_freight,GLOBAL,spring,2.3,2441.37,10.48,3580.42,3627.06,1.3
electricity,IN,spring,4.4,21901.62,0.0,17959.33,20230.21,12.64
road_freight,GLOBAL,summer,18.0,2154.87,9.54,2876.76,3290.96,14.4
diesel,IN,summer,17.3,8136.95,0.0,21807.03,25236.52,15.73
diesel,CN,spring,4.2,401.92,0.0,1077.13,1096.35,1.78
diesel,CN,summer,4.3,1158.16,0.0,3103.88,3164.76,1.96
road_freight,US,summer,7.7,551.04,13.15,1014.69,1024.17,0.93
electricity,IN,winter,3.5,36814.28,0.0,30187.71,37438.44,24.02
road_freight,IN,autumn,3.4,224.01,18.1,567.64,571.69,0.71
road_freight,US,winter,3.6,2281.65,28.87,9222.6,9509.45,3.11
electricity,IN,summer,7.6,7203.23,0.0,5906.65,7101.29,20.23
electricity,IN,winter,3.4,24907.3,0.0,20423.98,25287.25,23.81
road_freight,IN,autumn,2.4,1215.35,21.89,3725.03,3647.63,-2.08
cotton,GLOBAL,autumn,1.7,3242.06,0.0,19128.15,19508.7,1.99
cotton,CN,summer,3.2,4848.55,0.0,28606.46,28498.87,-0.38
road_freight,GLOBAL,winter,4.6,1739.54,24.42,5945.96,6009.05,1.06
road_freight,US,autumn,3.9,1562.52,15.36,3360.49,3258.64,-3.03
diesel,GLOBAL,spring,1.1,6366.05,0.0,17061.0,17154.47,0.55
diesel,CN,summer,4.7,5021.82,0.0,13458.49,12734.82,-5.38
diesel,US,winter,2.2,6595.5,0.0,17675.94,18858.23,6.69
diesel,US,spring,6.1,7714.78,0.0,20675.61,20243.69,-2.09
electricity,GLOBAL,winter,1.9,26977.75,0.0,22121.76,23500.45,6.23
electricity,IN,autumn,0.2,4266.95,0.0,3498.9,3963.28,13.27
electricity,IN,spring,5.4,46765.27,0.0,38347.52,43365.66,13.09
diesel,EU,winter,7.7,7311.86,0.0,19595.79,20997.36,7.15
diesel,GLOBAL,winter,10.7,4751.01,0.0,12732.71,14569.29,14.42
electricity,IN,autumn,8.1,48015.88,0.0,39373.02,45066.58,14.46
road_freight,US,summer,12.6,358.84,30.88,1551.42,1578.69,1.76
diesel,EU,spring,9.4,5871.88,0.0,15736.65,16173.8,2.78
cotton,GLOBAL,winter,0.0,5087.88,0.0,30018.5,29019.42,-3.33
electricity,IN,spring,0.8,5105.0,0.0,4186.1,4846.1,15.77
electricity,US,autumn,10.4,22844.68,0.0,18732.64,20733.71,10.68
electricity,IN,winter,3.9,6567.87,0.0,5385.65,6597.11,22.49
cotton,US,spring,9.6,1317.09,0.0,7770.81,7722.86,-0.62
diesel,IN,spring,7.1,7016.49,0.0,18804.2,19240.43,2.32
road_freight,US,spring,3.6,512.73,10.86,779.83,799.51,2.52
electricity,EU,summer,2.2,38655.32,0.0,31697.36,31780.06,0.26
electricity,IN,summer,27.3,13497.33,0.0,11067.81,16048.33,45.0
electricity,IN,autumn,10.0,2715.2,0.0,2226.46,2571.3,15.49
electricity,IN,autumn,2.3,11371.14,0.0,9324.34,10839.82,16.25
diesel,IN,autumn,2.5,2973.81,0.0,7969.81,8093.12,1.55
electricity,IN,spring,13.4,25912.34,0.0,21248.12,26136.93,23.01
cotton,CN,winter,5.7,6580.31,0.0,38823.85,39172.35,0.9
electricity,IN,winter,20.8,23630.72,0.0,19377.19,26770.42,38.15
road_freight,US,spring,9.7,2361.4,5.25,1735.74,1852.26,6.71
electricity,US,summer,2.5,3672.19,0.0,3011.19,3224.77,7.09
electricity,CN,summer,2.6,13610.88,0.0,11160.92,13245.93,18.68
electricity,EU,winter,14.1,30307.35,0.0,24852.03,28355.88,14.1
cotton,IN,autumn,1.4,7088.93,0.0,41824.7,41794.14,-0.07
road_freight,IN,summer,0.5,2444.55,29.84,10211.81,9973.81,-2.33
cotton,US,autumn,2.9,1768.98,0.0,10436.96,10121.57,-3.02
road_freight,GLOBAL,spring,7.1,892.44,24.9,3110.81,3106.21,-0.15
electricity,IN,summer,8.4,43263.21,0.0,35475.84,43493.71,22.6
road_freight,CN,autumn,4.9,609.6,29.13,2486.33,2538.4,2.09
electricity,US,spring,11.6,34495.01,0.0,28285.9,29206.44,3.25
electricity,CN,spring,7.4,2976.77,0.0,2440.95,2753.43,12.8
road_freight,IN,summer,1.3,172.66,30.83,745.22,756.06,1.45
diesel,IN,summer,6.4,9233.97,0.0,24747.04,25141.74,1.59
diesel,CN,autumn,1.9,4675.19,0.0,12529.51,12904.42,2.99
electricity,GLOBAL,winter,7.6,5164.9,0.0,4235.22,4455.2,5.19
road_freight,US,autumn,4.0,105.3,24.67,363.65,370.04,1.76
electricity,US,winter,2.2,1123.45,0.0,921.23,989.68,7.43
diesel,US,autumn,1.0,6742.65,0.0,18070.3,17865.29,-1.13
road_freight,IN,winter,13.6,1621.41,27.41,6223.0,6771.06,8.81
diesel,IN,spring,5.2,4076.37,0.0,10924.66,10879.28,-0.42
cotton,EU,summer,5.9,4513.79,0.0,26631.33,26584.41,-0.18
cotton,IN,winter,2.1,2450.19,0.0,14456.13,14406.64,-0.34
electricity,EU,autumn,1.1,7859.29,0.0,6444.62,5772.21,-10.43
road_freight,IN,spring,3.9,159.2,34.03,758.42,745.55,-1.7
road_freight,IN,autumn,9.4,2224.53,11.34,3531.52,3468.35,-1.79
diesel,EU,summer,12.3,6665.16,0.0,17862.64,18712.98,4.76
electricity,EU,winter,3.6,22606.79,0.0,18537.57,18291.49,-1.33
road_freight,EU,winter,4.3,932.35,17.35,2264.17,2250.95,-0.58
road_freight,CN,summer,2.3,1504.99,23.3,4909.68,4838.32,-1.45
electricity,EU,summer,2.1,30902.09,0.0,25339.72,25249.31,-0.36
road_freight,CN,summer,0.5,56.62,16.28,129.01,134.87,4.54
electricity,EU,winter,1.2,32529.97,0.0,26674.58,27236.79,2.11
electricity,US,spring,0.5,23503.88,0.0,19273.18,18966.04,-1.59
cotton,GLOBAL,winter,2.8,3763.04,0.0,22201.93,22302.94,0.45
diesel,US,spring,5.3,710.25,0.0,1903.48,1938.09,1.82
diesel,IN,winter,7.6,5341.41,0.0,14314.99,15302.62,6.9
electricity,IN,autumn,20.3,41695.78,0.0,34190.54,44687.45,30.7
electricity,GLOBAL,spring,27.0,47478.93,0.0,38932.73,47587.02,22.23
diesel,GLOBAL,winter,1.5,2334.38,0.0,6256.13,6764.08,8.12
road_freight,US,autumn,5.4,507.5,13.42,953.22,947.99,-0.55
electricity,US,spring,0.3,20002.38,0.0,16401.95,15976.48,-2.59
road_freight,IN,winter,17.5,1846.74,23.04,5956.17,6545.56,9.9
road_freight,CN,spring,1.9,1292.5,27.95,5057.14,4903.63,-3.04
road_freight,EU,spring,5.8,2232.94,18.37,5743.86,5800.91,0.99
road_freight,IN,summer,1.0,555.79,24.68,1920.62,1971.82,2.67
diesel,IN,summer,1.5,2815.19,0.0,7544.72,7405.39,-1.85
electricity,IN,winter,1.0,21346.22,0.0,17503.9,21361.44,22.04
electricity,EU,winter,4.3,6828.56,0.0,5599.42,5625.55,0.47
road_freight,IN,winter,1.0,2291.14,4.13,1323.25,1324.4,0.09
road_freight,IN,summer,6.4,1946.14,28.86,7862.21,8002.18,1.78
electricity,IN,spring,11.8,23643.42,0.0,19387.6,22748.44,17.33
cotton,CN,winter,7.0,7516.12,0.0,44345.13,42404.55,-4.38
road_freight,IN,winter,2.0,1203.76,32.29,5441.53,5564.36,2.26
road_freight,IN,winter,0.3,994.4,7.22,1005.41,964.49,-4.07
road_freight,IN,summer,14.7,725.11,28.43,2885.76,3185.56,10.39
road_freight,EU,autumn,4.2,838.07,6.36,746.38,757.57,1.5
electricity,EU,autumn,10.7,49364.81,0.0,40479.14,39992.11,-1.2
electricity,GLOBAL,autumn,1.5,26212.71,0.0,21494.43,20649.63,-3.93
electricity,GLOBAL,autumn,15.0,46567.79,0.0,38185.59,41669.93,9.12
cotton,IN,autumn,2.2,5982.37,0.0,35295.98,34218.52,-3.05
diesel,IN,autumn,3.0,5819.58,0.0,15596.49,16214.29,3.96
road_freight,IN,autumn,5.2,2372.73,4.27,1418.01,1422.58,0.32
electricity,IN,summer,7.7,4195.75,0.0,3440.52,4125.56,19.91
electricity,IN,winter,10.8,48377.05,0.0,39669.18,50514.41,27.34
electricity,IN,spring,8.7,10742.35,0.0,8808.73,10149.87,15.23
diesel,IN,summer,9.1,2228.55,0.0,5972.51,6183.58,3.53
road_freight,CN,winter,4.2,2416.3,33.07,11188.35,11188.33,-0.0
diesel,IN,winter,1.8,2341.65,0.0,6275.63,6918.47,10.24
electricity,US,winter,7.9,4142.27,0.0,3396.66,3751.4,10.44
diesel,US,autumn,8.0,1468.93,0.0,3936.73,3979.12,1.08
cotton,CN,winter,5.1,1133.92,0.0,6690.15,6461.79,-3.41
road_freight,IN,winter,8.2,1531.3,24.65,5284.54,5269.63,-0.28
diesel,IN,spring,8.8,4309.37,0.0,11549.12,11956.54,3.53
road_freight,EU,autumn,9.4,801.65,3.19,357.93,345.22,-3.55
cotton,IN,autumn,2.5,6258.65,0.0,36926.06,37122.08,0.53
diesel,IN,winter,1.3,5797.65,0.0,15537.7,16793.5,8.08
cotton,IN,autumn,6.4,5885.2,0.0,34722.7,35473.93,2.16
diesel,EU,summer,1.2,7683.66,0.0,20592.2,20391.2,-0.98
electricity,IN,summer,6.9,26903.05,0.0,22060.5,25725.75,16.61
diesel,IN,autumn,2.7,3988.58,0.0,10689.39,10710.82,0.2
road_freight,GLOBAL,autumn,0.6,1664.22,23.35,5441.43,5451.03,0.18
electricity,IN,winter,4.3,28870.89,0.0,23674.13,28815.61,21.72
cotton,US,summer,0.9,1971.71,0.0,11633.12,11191.22,-3.8
electricity,IN,summer,5.9,49325.92,0.0,40447.25,48271.43,19.34
electricity,IN,spring,0.2,4618.49,0.0,3787.16,4368.74,15.36
road_freight,IN,spring,2.7,914.86,23.0,2945.89,2924.04,-0.74
road_freight,EU,autumn,30.0,2450.97,31.11,10675.45,12940.79,21.22
electricity,IN,summer,13.5,8547.07,0.0,7008.6,9187.87,31.09
cotton,IN,spring,1.0,6335.03,0.0,37376.65,36740.86,-1.7
cotton,EU,spring,2.1,5710.92,0.0,33694.44,33481.95,-0.63
diesel,IN,winter,0.5,6267.43,0.0,16796.72,18161.46,8.13
road_freight,CN,summer,3.9,242.39,20.5,695.59,708.34,1.83
electricity,IN,winter,2.7,28198.95,0.0,23123.14,28597.15,23.67
electricity,IN,winter,1.2,14659.97,0.0,12021.18,14985.42,24.66
electricity,IN,autumn,1.1,13450.43,0.0,11029.35,11980.29,8.62
road_freight,EU,spring,3.3,1436.09,14.06,2826.78,2819.9,-0.24
cotton,IN,autumn,2.8,2303.83,0.0,13592.61,13650.69,0.43
diesel,IN,autumn,10.0,7217.18,0.0,19342.04,19426.05,0.43
road_freight,IN,spring,5.1,589.6,30.45,2513.7,2486.42,-1.08
electricity,IN,spring,15.0,19878.25,0.0,16300.16,20784.58,27.51
road_freight,IN,autumn,5.2,956.72,2.61,348.94,351.47,0.73
electricity,IN,spring,0.8,10995.38,0.0,9016.21,10182.71,12.94
diesel,IN,autumn,4.7,302.72,0.0,811.3,847.59,4.47
diesel,US,spring,30.0,8368.77,0.0,22428.3,28195.64,25.71
cotton,CN,winter,24.0,7195.34,0.0,42452.5,52510.55,23.69
road_freight,US,autumn,12.5,1885.58,32.97,8704.35,9374.3,7.7
diesel,IN,autumn,0.5,1004.4,0.0,2691.8,2634.46,-2.13
cotton,US,winter,4.3,5414.44,0.0,31945.18,31809.93,-0.42
electricity,IN,autumn,3.5,16264.24,0.0,13336.67,15433.55,15.72
road_freight,GLOBAL,spring,5.1,1236.45,20.15,3487.91,3532.38,1.27
electricity,US,winter,5.5,9289.81,0.0,7617.65,8067.31,5.9
electricity,CN,summer,0.4,22441.05,0.0,18401.66,21617.93,17.48
diesel,US,winter,3.0,6198.78,0.0,16612.73,18012.39,8.43
road_freight,IN,winter,12.3,1417.67,12.72,2524.26,2634.82,4.38
electricity,IN,spring,0.5,29380.06,0.0,24091.65,27453.86,13.96
cotton,CN,spring,13.7,7578.99,0.0,44716.06,49109.41,9.83
electricity,IN,summer,8.1,9404.87,0.0,7711.99,9299.34,20.58
cotton,IN,spring,6.2,6127.3,0.0,36151.05,36369.77,0.61
road_freight,CN,autumn,5.5,1250.24,3.06,535.86,522.79,-2.44
electricity,IN,spring,1.8,9263.64,0.0,7596.19,8937.11,17.65
diesel,GLOBAL,autumn,0.1,439.49,0.0,1177.83,1152.96,-2.11
electricity,IN,autumn,0.0,49251.14,0.0,40385.94,46820.89,15.93
cotton,CN,winter,19.2,1744.07,0.0,10290.01,12239.82,18.95
cotton,US,winter,0.9,1876.68,0.0,11072.44,10908.51,-1.48
electricity,EU,summer,0.7,18705.46,0.0,15338.48,15355.17,0.11
cotton,CN,summer,14.0,3337.8,0.0,19693.0,21407.67,8.71
electricity,US,winter,1.2,41149.41,0.0,33742.52,36493.11,8.15
road_freight,IN,spring,1.6,412.93,23.58,1362.95,1386.18,1.7
road_freight,EU,spring,13.8,2055.09,34.68,9978.53,10680.18,7.03
electricity,US,summer,0.4,48935.48,0.0,40127.09,42238.73,5.26
electricity,US,summer,7.6,38462.98,0.0,31539.65,33258.21,5.45
road_freight,IN,spring,1.5,592.13,7.33,607.37,606.79,-0.1
electricity,CN,spring,20.2,21104.92,0.0,17306.03,22581.64,30.48
electricity,US,summer,5.8,49080.08,0.0,40245.66,41798.94,3.86
electricity,EU,spring,2.5,27308.98,0.0,22393.36,21541.04,-3.81
electricity,US,spring,7.3,24859.77,0.0,20385.02,20972.73,2.88
diesel,IN,spring,8.2,9167.68,0.0,24569.39,24232.2,-1.37
diesel,IN,summer,3.7,490.57,0.0,1314.74,1366.01,3.9
diesel,IN,autumn,6.8,745.48,0.0,1997.88,1953.72,-2.21
cotton,CN,winter,5.9,6260.57,0.0,36937.35,36195.87,-2.01
road_freight,US,winter,11.2,1226.62,7.86,1348.96,1391.42,3.15
electricity,US,autumn,1.6,11973.62,0.0,9818.37,9148.96,-6.82
cotton,CN,autumn,10.0,6641.67,0.0,39185.86,40775.64,4.06
diesel,EU,summer,2.5,5031.69,0.0,13484.93,12794.97,-5.12
electricity,US,summer,1.5,24043.22,0.0,19715.44,21325.27,8.17
electricity,EU,summer,5.9,36515.87,0.0,29943.01,29806.99,-0.45
road_freight,US,autumn,1.7,2233.09,12.99,4061.66,4058.56,-0.08
diesel,IN,winter,0.1,8897.56,0.0,23845.47,25638.5,7.52
diesel,GLOBAL,winter,25.5,6705.18,0.0,17969.89,24194.66,34.64
electricity,IN,summer,2.3,8401.68,0.0,6889.38,8134.13,18.07
diesel,EU,summer,7.8,4833.16,0.0,12952.87,13260.72,2.38
road_freight,CN,spring,14.2,1970.95,22.54,6220.37,6801.94,9.35
electricity,US,spring,2.1,14505.9,0.0,11894.84,12011.29,0.98
cotton,US,spring,7.4,6344.22,0.0,37430.89,37175.23,-0.68
diesel,IN,autumn,2.9,5932.42,0.0,15898.89,15685.31,-1.34
cotton,IN,winter,2.4,6668.19,0.0,39342.33,40959.57,4.11
electricity,US,winter,4.2,17152.32,0.0,14064.9,15212.07,8.16
diesel,EU,summer,24.9,297.02,0.0,796.03,1023.35,28.56
road_freight,IN,winter,9.5,2309.97,23.99,7757.26,7984.53,2.93
diesel,IN,winter,6.9,6833.09,0.0,18312.67,19685.15,7.49
road_freight,GLOBAL,spring,0.6,2388.2,32.4,10834.12,10800.47,-0.31
road_freight,US,summer,23.3,267.15,32.43,1213.05,1478.59,21.89
electricity,US,spring,5.6,40120.34,0.0,32898.68,33969.01,3.25
road_freight,GLOBAL,autumn,3.4,291.71,22.43,916.03,910.75,-0.58
diesel,US,spring,12.9,5812.71,0.0,15578.07,17053.57,9.47
road_freight,US,autumn,0.3,2121.78,32.07,9526.61,9433.34,-0.98
road_freight,IN,spring,0.5,1797.98,2.12,533.15,522.12,-2.07
electricity,GLOBAL,autumn,0.3,35608.96,0.0,29199.35,30262.17,3.64
electricity,US,autumn,0.5,39613.24,0.0,32482.85,33352.09,2.68
electricity,IN,spring,1.3,12494.38,0.0,10245.39,11609.27,13.31
electricity,IN,summer,4.8,14859.57,0.0,12184.85,14237.91,16.85
electricity,IN,autumn,9.3,12877.81,0.0,10559.8,12496.08,18.34
electricity,IN,spring,3.1,37105.42,0.0,30426.45,34657.81,13.91
road_freight,GLOBAL,autumn,4.0,2322.19,19.19,6239.67,6300.81,0.98
electricity,US,summer,2.0,38375.08,0.0,31467.57,32116.89,2.06
road_freight,EU,autumn,0.6,1602.76,31.04,6965.92,6921.4,-0.64
cotton,GLOBAL,autumn,2.9,2710.01,0.0,15989.06,15346.37,-4.02
electricity,CN,winter,2.7,45271.46,0.0,37122.6,44785.88,20.64
electricity,US,summer,5.4,31833.47,0.0,26103.45,27882.82,6.82
electricity,IN,summer,1.3,6957.55,0.0,5705.19,6950.83,21.83
cotton,CN,autumn,1.7,4027.41,0.0,23761.72,23699.57,-0.26
cotton,CN,summer,4.2,5216.9,0.0,30779.72,31625.01,2.75
electricity,US,winter,20.9,30629.87,0.0,25116.49,32824.84,30.69
electricity,CN,autumn,5.4,30703.84,0.0,25177.15,28116.16,11.67
diesel,EU,autumn,18.0,816.98,0.0,2189.51,2478.23,13.19
electricity,IN,summer,3.3,28185.44,0.0,23112.06,27450.84,18.77
diesel,IN,autumn,8.2,2132.19,0.0,5714.27,5621.92,-1.62
road_freight,CN,autumn,10.9,424.24,4.74,281.32,286.26,1.75
road_freight,US,spring,6.5,1846.98,14.83,3833.57,3747.98,-2.23
road_freight,GLOBAL,summer,11.5,2433.5,10.8,3679.33,3857.2,4.83
road_freight,IN,autumn,17.4,168.27,2.03,47.91,53.17,10.98
cotton,IN,spring,3.7,2089.13,0.0,12325.86,12504.61,1.45
electricity,IN,winter,3.3,23318.12,0.0,19120.86,24061.54,25.84
cotton,IN,autumn,9.6,4239.9,0.0,25015.4,25719.17,2.81
electricity,CN,autumn,6.9,10813.86,0.0,8867.36,10264.06,15.75
electricity,US,autumn,2.6,12949.9,0.0,10618.91,10601.59,-0.16
road_freight,EU,summer,0.5,1535.99,5.42,1166.17,1175.36,0.79
electricity,IN,summer,0.1,12155.84,0.0,9967.78,12045.17,20.84
diesel,US,summer,4.3,7497.02,0.0,20092.03,21025.12,4.64
road_freight,IN,spring,8.1,829.12,28.28,3282.42,3229.2,-1.62
electricity,US,summer,6.1,3826.28,0.0,3137.55,3373.43,7.52
diesel,EU,summer,6.2,4991.84,0.0,13378.14,13215.34,-1.22
road_freight,US,autumn,1.5,2356.08,21.77,7181.17,7197.83,0.23
cotton,IN,summer,13.4,343.19,0.0,2024.8,2182.22,7.77
road_freight,EU,summer,3.0,790.84,28.26,3128.69,3134.95,0.2
road_freight,CN,autumn,8.0,1929.83,31.88,8612.5,8702.93,1.05
electricity,GLOBAL,summer,4.1,10957.55,0.0,8985.19,9670.59,7.63
electricity,IN,summer,8.3,25739.55,0.0,21106.43,24497.95,16.07
diesel,CN,autumn,5.1,3411.76,0.0,9143.51,9149.69,0.07
cotton,US,summer,3.4,7435.32,0.0,43868.41,44486.94,1.41
electricity,US,spring,3.7,10003.6,0.0,8202.95,8081.6,-1.48
electricity,EU,autumn,0.8,41274.35,0.0,33844.97,31211.29,-7.78
electricity,GLOBAL,winter,0.1,34054.5,0.0,27924.69,29465.83,5.52
electricity,IN,summer,0.9,38950.03,0.0,31939.02,38273.43,19.83
road_freight,IN,winter,4.1,93.79,13.05,171.3,173.21,1.12
diesel,US,spring,1.4,6646.91,0.0,17813.72,17464.68,-1.96
cotton,IN,spring,3.2,7706.61,0.0,45469.01,46145.11,1.49
electricity,GLOBAL,winter,3.0,25809.14,0.0,21163.49,22990.38,8.63
cotton,CN,autumn,16.2,4030.84,0.0,23781.98,26536.95,11.58
electricity,IN,spring,4.5,10812.18,0.0,8865.99,10117.58,14.12
electricity,US,autumn,3.1,15566.21,0.0,12764.29,12986.62,1.74
road_freight,GLOBAL,summer,8.3,700.58,20.87,2047.13,2076.21,1.42
cotton,US,autumn,4.5,2397.26,0.0,14143.81,14056.68,-0.62
electricity,GLOBAL,summer,16.6,41433.98,0.0,33975.86,41696.85,22.72
road_freight,US,winter,5.5,493.01,19.85,1370.14,1396.1,1.89
road_freight,EU,winter,12.8,1138.76,21.44,3417.34,3601.4,5.39
diesel,IN,autumn,0.4,4193.39,0.0,11238.27,10864.87,-3.32
road_freight,IN,summer,0.1,1940.92,30.88,8389.95,8346.21,-0.52
road_freight,IN,summer,5.5,86.43,13.64,165.1,164.31,-0.48
diesel,CN,autumn,1.7,7281.58,0.0,19514.63,19183.39,-1.7
diesel,GLOBAL,spring,10.0,8797.32,0.0,23576.82,24005.22,1.82
diesel,IN,summer,1.1,9822.24,0.0,26323.61,26531.16,0.79
diesel,US,summer,2.4,7305.56,0.0,19578.9,19684.57,0.54
electricity,EU,spring,8.6,48639.47,0.0,39884.36,37310.57,-6.45
diesel,IN,autumn,5.2,3721.14,0.0,9972.65,9944.75,-0.28
diesel,GLOBAL,spring,7.1,4006.83,0.0,10738.3,10817.33,0.74
electricity,US,summer,23.8,27865.1,0.0,22849.38,29651.33,29.77
diesel,EU,winter,1.4,7783.9,0.0,20860.86,22393.41,7.35
electricity,IN,winter,3.0,30760.21,0.0,25223.37,30887.82,22.46
diesel,CN,autumn,3.6,252.13,0.0,675.7,667.39,-1.23
electricity,US,spring,7.7,14601.12,0.0,11972.92,11970.16,-0.02
diesel,IN,winter,3.1,7079.84,0.0,18973.98,19797.92,4.34
diesel,EU,summer,6.2,1264.24,0.0,3388.15,3388.12,-0.0
road_freight,IN,summer,1.4,64.22,11.93,107.27,107.39,0.11
road_freight,EU,spring,4.1,814.69,17.9,2041.39,1997.67,-2.14
road_freight,US,winter,0.1,1804.51,13.37,3376.79,3282.05,-2.81
road_freight,IN,winter,7.4,1695.58,8.47,2011.56,1964.46,-2.34
diesel,EU,spring,2.6,8388.68,0.0,22481.65,22846.22,1.62
diesel,GLOBAL,summer,6.4,732.72,0.0,1963.7,1943.53,-1.03
electricity,EU,summer,8.5,6339.96,0.0,5198.77,5148.23,-0.97
road_freight,EU,summer,6.1,431.96,25.83,1562.3,1591.07,1.84
diesel,IN,autumn,0.8,7004.87,0.0,18773.04,19234.05,2.46
electricity,IN,summer,1.2,5769.16,0.0,4730.71,5810.0,22.81
diesel,US,spring,6.3,4804.94,0.0,12877.24,12937.05,0.46
cotton,US,spring,4.4,4445.31,0.0,26227.31,26843.36,2.35
cotton,EU,winter,2.8,5044.28,0.0,29761.26,30468.12,2.38
road_freight,IN,summer,0.7,1920.58,18.86,5070.06,4856.87,-4.2
electricity,IN,autumn,4.2,4747.63,0.0,3893.06,4542.81,16.69
cotton,IN,winter,6.2,6783.43,0.0,40022.22,41427.77,3.51
cotton,GLOBAL,spring,14.5,2502.47,0.0,14764.57,16132.28,9.26
electricity,US,spring,19.6,4530.67,0.0,3715.15,4492.55,20.93
electricity,IN,summer,7.1,3246.46,0.0,2662.09,3087.61,15.98
electricity,CN,spring,1.8,9172.52,0.0,7521.46,8704.0,15.72
electricity,US,winter,0.4,11188.94,0.0,9174.93,9996.81,8.96
diesel,IN,autumn,6.6,5428.12,0.0,14547.37,14539.72,-0.05
electricity,IN,summer,3.2,42187.22,0.0,34593.52,42526.18,22.93
diesel,IN,spring,9.9,3009.84,0.0,8066.36,8402.02,4.16
electricity,IN,autumn,5.6,14107.96,0.0,11568.53,12865.31,11.21
road_freight,US,spring,0.1,1228.5,15.68,2696.24,2663.87,-1.2
electricity,IN,summer,1.4,38869.73,0.0,31873.18,38680.19,21.36
electricity,IN,winter,5.4,42986.32,0.0,35248.78,42901.98,21.71
diesel,IN,summer,2.3,3460.99,0.0,9275.45,9274.42,-0.01
road_freight,IN,summer,14.2,2455.13,13.55,4658.18,5120.27,9.92
diesel,IN,summer,11.7,4095.35,0.0,10975.53,11226.89,2.29
road_freight,US,autumn,6.5,1017.23,26.56,3782.13,3696.81,-2.26
cotton,IN,autumn,1.3,3186.67,0.0,18801.34,18643.94,-0.84
cotton,IN,autumn,15.4,121.08,0.0,714.36,809.71,13.35
electricity,EU,winter,12.7,18165.99,0.0,14896.11,15926.46,6.92
electricity,IN,autumn,0.8,28782.52,0.0,23601.66,27271.79,15.55
diesel,EU,summer,3.9,8717.07,0.0,23361.74,23065.78,-1.27
electricity,GLOBAL,summer,4.4,44591.91,0.0,36565.36,39329.03,7.56
electricity,US,summer,0.3,47458.48,0.0,38915.95,41378.87,6.33
road_freight,CN,summer,30.0,275.64,9.94,383.66,477.55,24.47
electricity,CN,spring,6.7,46597.7,0.0,38210.11,44288.15,15.91
electricity,GLOBAL,spring,0.3,33459.54,0.0,27436.83,27543.81,0.39
diesel,CN,summer,3.8,8328.16,0.0,22319.47,22138.7,-0.81
diesel,IN,summer,0.1,4238.18,0.0,11358.33,11534.46,1.55
electricity,IN,spring,5.1,34934.19,0.0,28646.04,31864.26,11.23
cotton,EU,spring,3.7,2558.22,0.0,15093.49,15562.97,3.11
diesel,EU,winter,0.9,6580.75,0.0,17636.42,19027.94,7.89
road_freight,GLOBAL,spring,3.6,1084.62,10.33,1569.26,1543.02,-1.67
electricity,IN,winter,10.1,2153.45,0.0,1765.83,2199.34,24.55
diesel,IN,winter,2.1,2322.28,0.0,6223.71,6466.28,3.9
cotton,GLOBAL,spring,2.1,4295.76,0.0,25345.01,25724.35,1.5
electricity,IN,spring,1.5,3528.0,0.0,2892.96,3286.41,13.6
electricity,IN,spring,3.0,45294.01,0.0,37141.09,41462.35,11.63
electricity,US,autumn,7.0,37212.21,0.0,30514.01,30382.51,-0.43
diesel,US,autumn,7.2,8280.06,0.0,22190.57,22953.04,3.44
road_freight,GLOBAL,spring,0.4,162.81,13.65,311.13,322.11,3.53
diesel,CN,autumn,6.2,2173.91,0.0,5826.09,5687.91,-2.37
diesel,IN,winter,1.1,8175.52,0.0,21910.4,23952.02,9.32
cotton,IN,winter,1.4,3031.41,0.0,17885.33,17832.97,-0.29
road_freight,IN,spring,6.2,1626.71,31.77,7235.69,6858.16,-5.22
cotton,EU,spring,6.8,4549.26,0.0,26840.66,26971.3,0.49
diesel,IN,summer,6.5,3708.97,0.0,9940.03,9867.35,-0.73
diesel,IN,spring,0.1,6740.52,0.0,18064.6,18164.46,0.55
electricity,IN,spring,9.1,40708.65,0.0,33381.1,38961.17,16.72
electricity,IN,autumn,2.2,47180.92,0.0,38688.35,43557.06,12.58
diesel,EU,winter,0.4,5836.54,0.0,15641.93,16206.79,3.61
electricity,IN,summer,4.0,4755.7,0.0,3899.67,4677.91,19.96
road_freight,EU,summer,2.5,1426.12,21.57,4307.14,4184.63,-2.84
electricity,IN,spring,7.7,45320.7,0.0,37162.97,41752.17,12.35
road_freight,US,autumn,2.4,632.15,19.67,1740.84,1749.18,0.48
road_freight,CN,summer,1.4,1572.99,6.23,1372.31,1387.14,1.08
electricity,CN,summer,9.2,15441.04,0.0,12661.65,16018.07,26.51
road_freight,EU,spring,13.9,2292.91,27.63,8869.15,9699.27,9.36
diesel,IN,autumn,30.0,1887.9,0.0,5059.58,6272.47,23.97
diesel,IN,spring,3.4,4468.75,0.0,11976.25,12176.22,1.67
diesel,IN,spring,4.1,6995.82,0.0,18748.79,18399.9,-1.86
road_freight,IN,summer,3.5,2000.13,22.12,6193.98,6064.23,-2.09
diesel,US,summer,0.2,4667.87,0.0,12509.9,13070.56,4.48
road_freight,IN,spring,12.4,468.98,16.05,1054.03,1084.08,2.85
diesel,EU,summer,19.7,3545.9,0.0,9503.0,11379.45,19.75
cotton,GLOBAL,winter,13.9,2695.22,0.0,15901.81,16769.81,5.46
cotton,IN,autumn,10.6,3258.68,0.0,19226.19,19204.74,-0.11
electricity,US,autumn,6.7,10621.1,0.0,8709.3,8808.42,1.14
cotton,IN,summer,8.5,6128.18,0.0,36156.25,35588.91,-1.57
cotton,IN,summer,5.6,6552.29,0.0,38658.5,39253.4,1.54
road_freight,IN,summer,7.1,2236.87,22.91,7175.53,7102.86,-1.01
road_freight,IN,winter,2.3,1406.89,26.11,5143.39,5156.64,0.26
diesel,IN,winter,10.8,3157.04,0.0,8460.87,9193.96,8.66
diesel,IN,autumn,0.7,328.76,0.0,881.07,862.82,-2.07
diesel,GLOBAL,autumn,26.4,4787.01,0.0,12829.17,16198.91,26.27
electricity,IN,summer,17.4,39090.63,0.0,32054.31,43496.08,35.69
road_freight,US,winter,6.1,1941.77,30.4,8264.15,8100.18,-1.98
road_freight,IN,spring,10.8,393.7,31.26,1722.79,1807.67,4.93
road_freight,IN,spring,3.7,436.15,21.48,1311.6,1320.15,0.65
cotton,US,autumn,12.3,2968.72,0.0,17515.43,18716.03,6.85
cotton,GLOBAL,spring,11.1,4813.47,0.0,28399.46,29246.28,2.98
cotton,IN,summer,9.6,1153.77,0.0,6807.24,7054.35,3.63
diesel,GLOBAL,summer,2.3,468.09,0.0,1254.48,1269.69,1.21
cotton,IN,spring,23.9,2860.93,0.0,16879.5,20655.97,22.37
cotton,GLOBAL,spring,0.4,3530.33,0.0,20828.93,20657.54,-0.82
diesel,CN,autumn,1.6,2073.57,0.0,5557.16,5483.78,-1.32
electricity,EU,spring,0.1,36372.86,0.0,29825.75,27239.06,-8.67
electricity,IN,summer,3.1,1042.7,0.0,855.01,1007.63,17.85
diesel,EU,winter,3.5,6377.88,0.0,17092.71,18589.52,8.76
electricity,IN,autumn,1.0,22901.94,0.0,18779.59,21180.99,12.79
cotton,IN,autumn,11.3,5073.13,0.0,29931.48,32003.15,6.92
road_freight,IN,spring,3.2,228.27,5.26,168.08,167.98,-0.06
electricity,IN,summer,5.2,29930.23,0.0,24542.79,28951.65,17.96
road_freight,IN,summer,4.5,2086.74,14.05,4103.61,4028.77,-1.82
diesel,EU,autumn,2.8,4544.9,0.0,12180.33,12433.09,2.08
diesel,GLOBAL,winter,4.3,5008.82,0.0,13423.63,14343.82,6.86
cotton,CN,winter,0.6,1025.15,0.0,6048.37,6150.27,1.68
road_freight,IN,autumn,0.1,2161.35,7.75,2345.42,2442.45,4.14
road_freight,IN,winter,3.4,1637.88,14.02,3215.2,3204.0,-0.35
electricity,IN,summer,0.5,31543.35,0.0,25865.55,30234.31,16.89
electricity,EU,winter,6.9,13491.79,0.0,11063.26,11501.09,3.96
electricity,CN,autumn,30.0,21937.27,0.0,17988.56,25150.6,39.81
road_freight,IN,winter,26.5,1969.71,20.98,5784.85,7207.41,24.59
electricity,IN,autumn,1.1,20435.25,0.0,16756.91,18782.09,12.09
electricity,IN,winter,17.2,36284.3,0.0,29753.12,40183.84,35.06
electricity,GLOBAL,summer,3.1,13901.32,0.0,11399.08,12154.46,6.63
cotton,IN,summer,2.3,4161.29,0.0,24551.59,24392.27,-0.65
diesel,GLOBAL,spring,2.5,3418.71,0.0,9162.14,9318.11,1.7
diesel,US,spring,2.7,4029.63,0.0,10799.4,10708.3,-0.84
road_freight,EU,winter,11.6,1730.34,2.59,627.42,646.85,3.1
diesel,IN,winter,2.8,3433.07,0.0,9200.63,10024.79,8.96
cotton,IN,spring,0.5,7219.67,0.0,42596.05,41276.24,-3.1
diesel,IN,spring,2.6,6488.78,0.0,17389.92,17961.86,3.29
electricity,US,summer,10.0,24323.17,0.0,19945.0,21856.05,9.58
electricity,IN,autumn,0.3,6527.44,0.0,5352.5,6122.73,14.39
road_freight,CN,autumn,6.8,1536.96,20.64,4440.94,4536.35,2.15
cotton,CN,autumn,2.3,2750.67,0.0,16228.95,15964.57,-1.63
diesel,IN,summer,1.8,138.9,0.0,372.25,369.64,-0.7
electricity,IN,winter,9.9,26266.09,0.0,21538.2,26539.13,23.22
diesel,GLOBAL,spring,6.3,9182.52,0.0,24609.14,25290.79,2.77
road_freight,CN,autumn,4.2,107.05,13.73,205.78,206.08,0.14
diesel,IN,winter,9.2,6819.26,0.0,18275.62,20694.18,13.23
electricity,CN,autumn,3.9,40679.82,0.0,33357.45,37491.05,12.39
diesel,EU,spring,6.4,3911.91,0.0,10483.91,10670.3,1.78
road_freight,GLOBAL,spring,7.3,2233.59,22.98,7187.12,7220.41,0.46
road_freight,IN,spring,9.2,837.36,3.24,379.49,388.46,2.36
cotton,IN,autumn,10.3,653.27,0.0,3854.31,4020.34,4.31
electricity,US,spring,4.0,17473.16,0.0,14327.99,14703.94,2.62
electricity,GLOBAL,spring,0.5,7681.93,0.0,6299.18,6354.23,0.87
road_freight,CN,winter,25.7,2061.75,16.35,4720.61,5976.41,26.6
road_freight,IN,summer,2.9,1339.68,24.39,4573.69,4483.53,-1.97
electricity,US,autumn,1.2,44539.84,0.0,36522.67,35901.59,-1.7
road_freight,GLOBAL,spring,3.7,2043.87,14.56,4167.08,4248.18,1.95
cotton,IN,autumn,2.6,4636.74,0.0,27356.74,27409.06,0.19
road_freight,EU,winter,0.2,2216.16,26.69,8280.53,8079.96,-2.42
diesel,US,autumn,1.5,1725.99,0.0,4625.64,4596.94,-0.62
diesel,US,autumn,2.0,8147.76,0.0,21835.99,21977.34,0.65
diesel,IN,spring,2.0,5750.36,0.0,15410.97,15262.32,-0.96
road_freight,GLOBAL,winter,0.3,461.82,5.88,379.95,368.36,-3.05
cotton,US,summer,1.0,5124.72,0.0,30235.84,31730.25,4.94
cotton,GLOBAL,summer,1.8,1654.81,0.0,9763.4,9768.49,0.05
electricity,IN,winter,3.1,4260.03,0.0,3493.23,4237.85,21.32
road_freight,IN,autumn,1.1,1895.49,27.11,7193.12,7228.35,0.49
electricity,IN,summer,1.4,15685.25,0.0,12861.91,15762.32,22.55
electricity,IN,autumn,1.9,44007.19,0.0,36085.9,42251.95,17.09
electricity,IN,autumn,10.1,8650.41,0.0,7093.33,8275.47,16.67
diesel,IN,autumn,13.1,7180.69,0.0,19244.26,20679.03,7.46
road_freight,US,winter,4.3,2035.0,29.69,8458.99,8373.91,-1.01
cotton,US,winter,0.5,6550.95,0.0,38650.59,38917.63,0.69
electricity,EU,spring,0.3,1006.58,0.0,825.39,790.94,-4.17
diesel,IN,summer,20.0,1597.31,0.0,4280.79,5021.53,17.3
diesel,IN,winter,7.5,7308.23,0.0,19586.07,20726.36,5.82
road_freight,CN,winter,8.1,1666.38,9.54,2225.24,2278.39,2.39
road_freight,EU,summer,3.8,2186.47,9.43,2885.46,2870.79,-0.51
electricity,IN,autumn,9.1,14882.89,0.0,12203.97,14336.92,17.48
cotton,US,winter,7.8,508.79,0.0,3001.86,2928.37,-2.45
diesel,IN,summer,2.1,7588.81,0.0,20338.01,21049.17,3.5
road_freight,IN,winter,1.5,1903.73,12.22,3255.63,3127.26,-3.94
cotton,EU,autumn,14.4,1589.06,0.0,9375.43,10218.76,9.0
diesel,IN,spring,0.3,4595.15,0.0,12315.0,12379.08,0.52
road_freight,EU,spring,11.0,1862.27,30.73,8012.9,8533.55,6.5
electricity,IN,spring,5.4,44393.35,0.0,36402.55,41790.71,14.8
road_freight,GLOBAL,autumn,5.9,124.89,34.01,594.6,600.79,1.04
cotton,GLOBAL,spring,0.8,4302.58,0.0,25385.2,24266.21,-4.41
electricity,EU,autumn,5.9,41482.75,0.0,34015.85,31849.64,-6.37
electricity,GLOBAL,summer,0.5,1531.84,0.0,1256.11,1378.24,9.72
road_freight,US,autumn,3.6,1211.69,17.44,2958.38,2918.13,-1.36
diesel,EU,autumn,1.1,101.56,0.0,272.19,269.88,-0.85
road_freight,IN,winter,19.1,1132.81,23.27,3690.31,4182.15,13.33
electricity,IN,winter,2.5,15142.76,0.0,12417.06,15426.71,24.24
diesel,CN,autumn,10.2,6949.62,0.0,18624.99,19371.64,4.01
diesel,IN,summer,8.5,7821.63,0.0,20961.96,21980.91,4.86
electricity,IN,spring,3.2,42900.31,0.0,35178.25,40525.51,15.2
road_freight,IN,summer,12.4,2494.57,10.07,3518.47,3776.76,7.34
road_freight,CN,summer,2.3,483.16,5.38,363.87,361.33,-0.7
electricity,CN,summer,1.6,34647.14,0.0,28410.66,35039.25,23.33
electricity,IN,summer,3.5,19275.29,0.0,15805.74,18999.31,20.21
road_freight,CN,spring,0.6,365.9,9.91,507.5,523.29,3.11
cotton,GLOBAL,summer,1.1,877.25,0.0,5175.75,5088.77,-1.68
diesel,EU,summer,0.3,6974.12,0.0,18690.65,18541.58,-0.8
road_freight,CN,winter,0.6,1777.18,13.88,3454.49,3472.29,0.52
cotton,EU,autumn,12.6,890.25,0.0,5252.48,5505.57,4.82
electricity,EU,winter,6.8,43725.58,0.0,35854.97,37327.97,4.11
electricity,IN,winter,14.9,23659.56,0.0,19400.84,25534.97,31.62
electricity,IN,autumn,0.7,28856.51,0.0,23662.34,26317.03,11.22
cotton,EU,winter,8.9,7579.65,0.0,44719.94,43624.74,-2.45
diesel,IN,autumn,7.4,4118.29,0.0,11037.01,11043.71,0.06
diesel,US,autumn,0.5,2499.07,0.0,6697.49,6737.55,0.6
road_freight,US,winter,0.8,2265.72,19.35,6138.81,6102.11,-0.6
cotton,CN,spring,11.3,1764.38,0.0,10409.81,10970.39,5.39
road_freight,IN,summer,14.4,2293.2,12.86,4127.67,4610.86,11.71
road_freight,IN,spring,0.4,1885.33,20.65,5450.69,5580.6,2.38
electricity,IN,summer,19.0,1992.99,0.0,1634.25,2227.97,36.33
road_freight,EU,summer,1.4,1577.59,13.8,3048.94,3039.81,-0.3
road_freight,US,summer,5.7,1840.15,34.78,8960.49,8762.86,-2.21
diesel,US,summer,6.3,7594.25,0.0,20352.58,20651.86,1.47
road_freight,US,summer,3.1,604.45,2.57,217.63,211.55,-2.79
diesel,IN,summer,16.0,4340.59,0.0,11632.79,13114.01,12.73
electricity,GLOBAL,spring,6.1,48637.99,0.0,39883.15,39776.11,-0.27
diesel,US,summer,12.5,1974.63,0.0,5292.0,5573.91,5.33
